1403292394,f00000.jpg,315.8,179.1
1403292394,f00001.jpg,302.4,219.8
1403292394,f00002.jpg,283.6,255.7
1403292394,f00003.jpg,304.2,206.9
1403292394,f00004.jpg,313.5,203
1403292394,f00005.jpg,286.6,251.7
1403292394,f00006.jpg,294.5,238.5
1403292394,f00007.jpg,318.6,198.2
1403292394,f00008.jpg,298.4,245.2
1403292394,f00009.jpg,286.1,253.2
1403292394,f00010.jpg,299.8,219.1
1403292394,f00011.jpg,310.7,212.4
1403292394,f00012.jpg,293.7,248.9
1403292394,f00013.jpg,293.7,239.9
1403292394,f00014.jpg,304.6,222.2
1403292394,f00015.jpg,304.8,217.1
1403292394,f00016.jpg,300.2,218.4
1403292394,f00017.jpg,304.1,219.2
1403292394,f00018.jpg,303.2,218.4
1403292394,f00019.jpg,300.2,216.4
1403292394,f00020.jpg,300.3,218.6
1403292394,f00021.jpg,301.3,216.6
1403292394,f00022.jpg,301.4,215.8
1403292394,f00023.jpg,300.8,215.6
1403292394,f00024.jpg,301.4,214.3
1403292394,f00025.jpg,301.4,213.8
1403292394,f00026.jpg,300.8,213.6
1403292394,f00027.jpg,301,213
1403292394,f00028.jpg,300.8,212.6
1403292394,f00029.jpg,301,213.5
1403292394,f00030.jpg,300.7,212.4
1403292394,f00031.jpg,301,212
1403292394,f00032.jpg,301.4,211.8
1403292394,f00033.jpg,300.4,211.8
1403292394,f00034.jpg,300.2,213.4
1403292394,f00035.jpg,300.4,211.8
1403292394,f00036.jpg,300.8,210.6
1403292394,f00037.jpg,300.2,211.4
1403292394,f00038.jpg,300.5,210.5
1403292394,f00039.jpg,300.6,210.2
1403292394,f00040.jpg,300.8,210.6
1403292394,f00041.jpg,300.8,209.6
1403292394,f00042.jpg,301,210
1403292394,f00043.jpg,300.721,209.368
1403292394,f00044.jpg,301,209.5
1403292394,f00045.jpg,301,209
1403292394,f00046.jpg,300.8,208.6
1403292394,f00047.jpg,301.2,208.4
1403292394,f00048.jpg,301.4,208.3
1403292394,f00049.jpg,301.5,208
1403292394,f00050.jpg,302.2,206.9
1403292394,f00051.jpg,302.4,206.8
1403292394,f00052.jpg,302.4,206.3
1403292394,f00053.jpg,303,206
1403292394,f00054.jpg,302.4,206.3
1403292394,f00055.jpg,302.4,206.3
1403292395,f00056.jpg,303,205.5
1403292395,f00057.jpg,302.8,206.1
1403292395,f00058.jpg,302.6,206.2
1403292395,f00059.jpg,303,205.5
1403292395,f00060.jpg,302.6,205.7
1403292395,f00061.jpg,303,205.5
1403292395,f00062.jpg,303.4,205.3
1403292395,f00063.jpg,303.2,205.4
1403292395,f00064.jpg,303.4,205.3
1403292395,f00065.jpg,303.2,204.9
1403292395,f00066.jpg,303.8,205.1
1403292395,f00067.jpg,303.8,204.6
1403292395,f00068.jpg,303.8,204.6
1403292395,f00069.jpg,304,204.5
1403292395,f00070.jpg,304,204.5
1403292395,f00071.jpg,304,204.5
1403292395,f00072.jpg,304,204.5
1403292395,f00073.jpg,304.2,204.4
1403292395,f00074.jpg,304.1,204.2
1403292395,f00075.jpg,304.2,204.4
1403292395,f00076.jpg,304.2,204.4
1403292395,f00077.jpg,304.2,204.4
1403292395,f00078.jpg,303.808,203.961
1403292395,f00079.jpg,304.4,203.8
1403292395,f00080.jpg,304.4,203.8
1403292395,f00081.jpg,304.2,203.9
1403292395,f00082.jpg,304.2,203.9
1403292395,f00083.jpg,304.4,203.8
1403292395,f00084.jpg,304.4,203.8
1403292395,f00085.jpg,304.4,203.8
1403292395,f00086.jpg,304.4,203.8
1403292395,f00087.jpg,304.4,203.8
1403292395,f00088.jpg,304.4,203.8
1403292395,f00089.jpg,304.4,203.8
1403292395,f00090.jpg,304.4,203.8
1403292395,f00091.jpg,304.4,203.8
1403292395,f00092.jpg,304.4,203.8
1403292395,f00093.jpg,304.4,203.8
1403292395,f00094.jpg,304.4,203.8
1403292395,f00095.jpg,304.6,203.7
1403292395,f00096.jpg,304.6,203.7
1403292395,f00097.jpg,304.6,203.7
1403292395,f00098.jpg,304.6,203.7
1403292395,f00099.jpg,304.5,203.5
1403292395,f00100.jpg,304.7,203.4
1403292395,f00101.jpg,304.8,203.1
1403292395,f00102.jpg,304.8,203.1
1403292395,f00103.jpg,305,203
1403292395,f00104.jpg,305,203
1403292395,f00105.jpg,305,203
1403292395,f00106.jpg,305,203
1403292395,f00107.jpg,305,203
1403292395,f00108.jpg,305,203
1403292395,f00109.jpg,305,203
1403292395,f00110.jpg,305.2,202.9
1403292395,f00111.jpg,305.2,202.9
1403292395,f00112.jpg,305.1,202.7
1403292395,f00113.jpg,305.2,202.4
1403292395,f00114.jpg,305.2,202.4
1403292395,f00115.jpg,305.2,202.4
1403292396,f00116.jpg,305,202.5
1403292396,f00117.jpg,305.2,202.4
1403292396,f00118.jpg,305.4,202.3
1403292396,f00119.jpg,305.4,202.3
1403292396,f00120.jpg,305.4,202.3
1403292396,f00121.jpg,305.4,202.3
1403292396,f00122.jpg,305.4,202.3
1403292396,f00123.jpg,305.162,202.103
1403292396,f00124.jpg,305.4,202.3
1403292396,f00125.jpg,304.769,202.154
1403292396,f00126.jpg,304.808,201.962
1403292396,f00127.jpg,305.4,202.3
1403292396,f00128.jpg,305.5,202
1403292396,f00129.jpg,305.6,202.2
1403292396,f00130.jpg,305.4,201.8
1403292396,f00131.jpg,305.4,201.8
1403292396,f00132.jpg,305.4,201.8
1403292396,f00133.jpg,305.4,201.8
1403292396,f00134.jpg,305.4,201.8
1403292396,f00135.jpg,305.4,201.8
1403292396,f00136.jpg,305.4,201.8
1403292396,f00137.jpg,305.6,201.7
1403292396,f00138.jpg,305.5,201.5
1403292396,f00139.jpg,305.6,201.7
1403292396,f00140.jpg,305.2,201.4
1403292396,f00141.jpg,305.4,201.3
1403292396,f00142.jpg,305.4,201.3
1403292396,f00143.jpg,305.4,201.3
1403292396,f00144.jpg,305.6,201.2
1403292396,f00145.jpg,305.7,200.9
1403292396,f00146.jpg,305.6,200.7
1403292396,f00147.jpg,305.6,200.7
1403292396,f00148.jpg,305.5,200.5
1403292396,f00149.jpg,305.4,200.3
1403292396,f00150.jpg,305.6,199.7
1403292396,f00151.jpg,305.8,199.1
1403292396,f00152.jpg,305.8,198.1
1403292396,f00153.jpg,305.8,197.1
1403292396,f00154.jpg,305.9,196.3
1403292396,f00155.jpg,305.7,195.9
1403292396,f00156.jpg,306.2,194.9
1403292396,f00157.jpg,306.3,194.1
1403292396,f00158.jpg,306.2,193.9
1403292396,f00159.jpg,306.5,193.5
1403292396,f00160.jpg,306.5,193.5
1403292396,f00161.jpg,306.5,193.5
1403292396,f00162.jpg,306.5,193.5
1403292396,f00163.jpg,306.7,193.9
1403292396,f00164.jpg,306.8,194.1
1403292396,f00165.jpg,307,194.5
1403292396,f00166.jpg,307.1,194.7
1403292396,f00167.jpg,306.9,195.3
1403292396,f00168.jpg,307,195.5
1403292396,f00169.jpg,307.1,195.7
1403292396,f00170.jpg,307.2,195.9
1403292396,f00171.jpg,307.2,195.9
1403292396,f00172.jpg,307.3,196.1
1403292396,f00173.jpg,306.9,196.3
1403292396,f00174.jpg,307,196.5
1403292396,f00175.jpg,307,196.5
1403292397,f00176.jpg,307,196.5
1403292397,f00177.jpg,307.1,196.7
1403292397,f00178.jpg,307.1,196.7
1403292397,f00179.jpg,307.3,196.6
1403292397,f00180.jpg,307.2,196.9
1403292397,f00181.jpg,307.2,196.9
1403292397,f00182.jpg,307.2,196.9
1403292397,f00183.jpg,306.8,197.1
1403292397,f00184.jpg,307,197.5
1403292397,f00185.jpg,307,197.5
1403292397,f00186.jpg,307,197.5
1403292397,f00187.jpg,307,197.5
1403292397,f00188.jpg,307,197.5
1403292397,f00189.jpg,307,197.5
1403292397,f00190.jpg,307,197.5
1403292397,f00191.jpg,307,197.5
1403292397,f00192.jpg,307,197.5
1403292397,f00193.jpg,307,197.5
1403292397,f00194.jpg,307,197.5
1403292397,f00195.jpg,307,197.5
1403292397,f00196.jpg,307,197.5
1403292397,f00197.jpg,306.9,197.3
1403292397,f00198.jpg,306.8,197.1
1403292397,f00199.jpg,306.8,197.1
1403292397,f00200.jpg,306.8,197.1
1403292397,f00201.jpg,306.8,197.1
1403292397,f00202.jpg,306.8,197.1
1403292397,f00203.jpg,306.9,196.8
1403292397,f00204.jpg,306.9,196.8
1403292397,f00205.jpg,306.9,196.8
1403292397,f00206.jpg,306.9,196.8
1403292397,f00207.jpg,306.7,196.9
1403292397,f00208.jpg,306.8,197.1
1403292397,f00209.jpg,306.8,197.1
1403292397,f00210.jpg,306.8,197.1
1403292397,f00211.jpg,306.8,197.1
1403292397,f00212.jpg,306.8,197.1
1403292397,f00213.jpg,306.8,197.1
1403292397,f00214.jpg,306.9,197.3
1403292397,f00215.jpg,306.9,197.3
1403292397,f00216.jpg,307,197.5
1403292397,f00217.jpg,307,197.5
1403292397,f00218.jpg,307,197.5
1403292397,f00219.jpg,307,197.5
1403292397,f00220.jpg,307,197.5
1403292397,f00221.jpg,307,197.5
1403292397,f00222.jpg,307,197.5
1403292397,f00223.jpg,307,197.5
1403292397,f00224.jpg,307,197.5
1403292397,f00225.jpg,307,197.5
1403292397,f00226.jpg,306.8,197.6
1403292397,f00227.jpg,306.8,197.6
1403292397,f00228.jpg,306.8,197.6
1403292397,f00229.jpg,307,197.5
1403292397,f00230.jpg,306.8,197.6
1403292397,f00231.jpg,307,197.5
1403292397,f00232.jpg,307,197.5
1403292397,f00233.jpg,307,197.5
1403292397,f00234.jpg,307,197.5
1403292397,f00235.jpg,306.8,197.1
1403292398,f00236.jpg,306.8,197.1
1403292398,f00237.jpg,306.8,197.1
1403292398,f00238.jpg,306.8,197.1
1403292398,f00239.jpg,306.9,197.3
1403292398,f00240.jpg,307,197.5
1403292398,f00241.jpg,306.8,197.1
1403292398,f00242.jpg,306.8,197.1
1403292398,f00243.jpg,306.8,197.1
1403292398,f00244.jpg,306.8,197.1
1403292398,f00245.jpg,306.9,197.3
1403292398,f00246.jpg,306.9,197.3
1403292398,f00247.jpg,306.9,197.3
1403292398,f00248.jpg,307.1,197.2
1403292398,f00249.jpg,307.1,197.2
1403292398,f00250.jpg,306.8,197.1
1403292398,f00251.jpg,306.8,197.1
1403292398,f00252.jpg,306.8,197.1
1403292398,f00253.jpg,306.8,197.1
1403292398,f00254.jpg,307,197
1403292398,f00255.jpg,306.8,197.1
1403292398,f00256.jpg,306.8,197.1
1403292398,f00257.jpg,306.7,196.9
1403292398,f00258.jpg,306.9,196.8
1403292398,f00259.jpg,306.9,196.8
1403292398,f00260.jpg,307,197
1403292398,f00261.jpg,307,197
1403292398,f00262.jpg,307,197
1403292398,f00263.jpg,307,197
1403292398,f00264.jpg,306.8,197.1
1403292398,f00265.jpg,306.8,197.1
1403292398,f00266.jpg,306.8,197.1
1403292398,f00267.jpg,306.8,197.1
1403292398,f00268.jpg,306.8,197.1
1403292398,f00269.jpg,306.8,197.1
1403292398,f00270.jpg,306.8,197.1
1403292398,f00271.jpg,306.8,197.1
1403292398,f00272.jpg,306.8,197.1
1403292398,f00273.jpg,306.8,197.1
1403292398,f00274.jpg,307,197
1403292398,f00275.jpg,307,197
1403292398,f00276.jpg,307,197
1403292398,f00277.jpg,306.9,196.8
1403292398,f00278.jpg,306.8,196.6
1403292398,f00279.jpg,307,196.5
1403292398,f00280.jpg,307,196.5
1403292398,f00281.jpg,307,196.5
1403292398,f00282.jpg,307,196.5
1403292398,f00283.jpg,307,196.5
1403292398,f00284.jpg,307,196.5
1403292398,f00285.jpg,307,196.5
1403292398,f00286.jpg,307,196.5
1403292398,f00287.jpg,307,196.5
1403292398,f00288.jpg,307,196.5
1403292398,f00289.jpg,307,196.5
1403292398,f00290.jpg,307.1,196.7
1403292398,f00291.jpg,307.1,196.7
1403292398,f00292.jpg,306.9,196.8
1403292398,f00293.jpg,306.5,196.5
1403292398,f00294.jpg,307,196.5
1403292398,f00295.jpg,307,196.5
1403292399,f00296.jpg,307,196.5
1403292399,f00297.jpg,307,196.5
1403292399,f00298.jpg,307,196.5
1403292399,f00299.jpg,306.9,196.8
1403292399,f00300.jpg,306.7,196.9
1403292399,f00301.jpg,306.9,196.8
1403292399,f00302.jpg,307.2,196.9
1403292399,f00303.jpg,307,197
1403292399,f00304.jpg,307,197
1403292399,f00305.jpg,306.9,196.8
1403292399,f00306.jpg,306.9,196.8
1403292399,f00307.jpg,307,197
1403292399,f00308.jpg,307,197
1403292399,f00309.jpg,307.1,197.2
1403292399,f00310.jpg,306.9,197.3
1403292399,f00311.jpg,306.9,197.3
1403292399,f00312.jpg,306.9,197.3
1403292399,f00313.jpg,306.8,197.1
1403292399,f00314.jpg,306.9,197.3
1403292399,f00315.jpg,306.9,197.3
1403292399,f00316.jpg,307.1,197.2
1403292399,f00317.jpg,307.1,197.2
1403292399,f00318.jpg,307.1,197.2
1403292399,f00319.jpg,307.2,197.4
1403292399,f00320.jpg,306.346,197.269
1403292399,f00321.jpg,306.346,197.269
1403292399,f00322.jpg,307,197.5
1403292399,f00323.jpg,307.1,197.7
1403292399,f00324.jpg,306.4,198.3
1403292399,f00325.jpg,306.4,198.3
1403292399,f00326.jpg,305.75,198.75
1403292399,f00327.jpg,281,377
1403292399,f00328.jpg,281.5,371
1403292399,f00329.jpg,279,366.5
1403292399,f00330.jpg,281.044,360.924
1403292399,f00331.jpg,283.001,353.463
1403292399,f00332.jpg,284.055,342.75
1403292399,f00333.jpg,269.012,348.768
1403292399,f00334.jpg,270.509,341.375
1403292399,f00335.jpg,269.145,337.598
1403292399,f00336.jpg,267.052,336.639
1403292399,f00337.jpg,264.431,333.26
1403292399,f00338.jpg,261.198,327.557
1403292399,f00339.jpg,257.326,322.834
1403292399,f00340.jpg,254.488,320.737
1403292399,f00341.jpg,254.829,321.436
1403292399,f00342.jpg,256.203,325.693
1403292399,f00343.jpg,258.598,331.073
1403292399,f00344.jpg,260.863,337.82
1403292399,f00345.jpg,260.141,340.988
1403292399,f00346.jpg,257.415,347.425
1403292399,f00347.jpg,257.697,346.302
1403292399,f00348.jpg,169,254.5
1403292399,f00349.jpg,169.692,255.538
1403292399,f00350.jpg,292.33,267.319
1403292399,f00351.jpg,189.273,309.51
1403292399,f00352.jpg,190.466,312.586
1403292399,f00353.jpg,191.703,315.138
1403292399,f00354.jpg,297.901,273.01
1403292399,f00355.jpg,201.5,327
1403292400,f00356.jpg,198.948,326.521
1403292400,f00357.jpg,202.808,329.727
1403292400,f00358.jpg,202.769,332.479
1403292400,f00359.jpg,202.205,337.971
1403292400,f00360.jpg,307.3,292.9
1403292400,f00361.jpg,308.789,294.152
1403292400,f00362.jpg,191.25,305.25
1403292400,f00363.jpg,390.038,436.692
1403292400,f00364.jpg,208.296,356.008
1403292400,f00365.jpg,392.75,442.75
1403292400,f00366.jpg,279.5,377.5
1403292400,f00367.jpg,162.22,373.247
1403292400,f00368.jpg,291,382
1403292400,f00369.jpg,186.462,374.174
1403292400,f00370.jpg,311.5,396
1403292400,f00371.jpg,294.092,408.239
1403292400,f00372.jpg,302.5,229.5
1403292400,f00373.jpg,303,223
1403292400,f00374.jpg,308,234.5
1403292400,f00375.jpg,293.4,233.8
1403292400,f00376.jpg,300.4,235.3
1403292400,f00377.jpg,309.4,222.8
1403292400,f00378.jpg,311.1,209.7
1403292400,f00379.jpg,311.1,206.7
1403292400,f00380.jpg,300.3,223.1
1403292400,f00381.jpg,298.1,219.7
1403292400,f00382.jpg,311.9,211.3
1403292400,f00383.jpg,303.7,215.9
1403292400,f00384.jpg,294.9,232.3
1403292400,f00385.jpg,310.1,234.7
1403292400,f00386.jpg,317.3,213.6
1403292400,f00387.jpg,317.1,185.7
1403292400,f00388.jpg,304.8,205.6
1403292400,f00389.jpg,309.2,203.4
1403292400,f00390.jpg,337.7,151.4
1403292400,f00391.jpg,322.8,160.6
1403292400,f00392.jpg,321.6,150.2
1403292400,f00393.jpg,107.624,64.595
1403292400,f00394.jpg,355.5,96.5
1403292400,f00395.jpg,358.8,102.6
1403292400,f00396.jpg,97.82,18.26
1403292400,f00397.jpg,358.5,92.5
1403292400,f00398.jpg,323,113.5
1403292400,f00399.jpg,349.5,86
1403292400,f00400.jpg,348.8,130.1
1403292400,f00401.jpg,358.677,134.706
1403292400,f00402.jpg,99.5,21.5
1403292400,f00403.jpg,368.5,147
1403292400,f00404.jpg,329.5,180
1403292400,f00405.jpg,356.5,112
1403292400,f00406.jpg,336.65,160.45
1403292400,f00407.jpg,330.2,158.6
1403292400,f00408.jpg,96.5,20
1403292400,f00409.jpg,338.324,147.794
1403292400,f00410.jpg,355.324,152.794
1403292400,f00411.jpg,385,104.5
1403292400,f00412.jpg,349,152.5
1403292400,f00413.jpg,359.147,151.588
1403292400,f00414.jpg,379,109
1403292400,f00415.jpg,338.618,168.971
1403292401,f00416.jpg,344.235,157.441
1403292401,f00417.jpg,375.5,83.5
1403292401,f00418.jpg,345.5,135.5
1403292401,f00419.jpg,358.2,133.4
1403292401,f00420.jpg,94,25
1403292401,f00421.jpg,341.118,141.971
1403292401,f00422.jpg,345.5,139.5
1403292401,f00423.jpg,377.5,94
1403292401,f00424.jpg,326.3,155.4
1403292401,f00425.jpg,330.7,140.4
1403292401,f00426.jpg,380,104
1403292401,f00427.jpg,340.5,150.5
1403292401,f00428.jpg,296.262,134.022
1403292401,f00429.jpg,386.5,90
1403292401,f00430.jpg,331.5,137.5
1403292401,f00431.jpg,341.6,115.8
1403292401,f00432.jpg,382.5,118
1403292401,f00433.jpg,333.471,174.382
1403292401,f00434.jpg,350.5,130.5
1403292401,f00435.jpg,381.5,105
1403292401,f00436.jpg,338.5,156.5
1403292401,f00437.jpg,352,114.5
1403292401,f00438.jpg,370,101
1403292401,f00439.jpg,323.147,171.088
1403292401,f00440.jpg,345.5,136
1403292401,f00441.jpg,377.5,100.5
1403292401,f00442.jpg,333,160.5
1403292401,f00443.jpg,355,100
1403292401,f00444.jpg,372.8,104.4
1403292401,f00445.jpg,320,160.5
1403292401,f00446.jpg,358,99
1403292401,f00447.jpg,367,111
1403292401,f00448.jpg,325.5,156.5
1403292401,f00449.jpg,367.5,89
1403292401,f00450.jpg,365,105
1403292401,f00451.jpg,335.5,133.5
1403292401,f00452.jpg,376.5,85.5
1403292401,f00453.jpg,366.4,136.2
1403292401,f00454.jpg,334,172.5
1403292401,f00455.jpg,376,94.5
1403292401,f00456.jpg,363,128.5
1403292401,f00457.jpg,336,153.5
1403292401,f00458.jpg,382.5,81.5
1403292401,f00459.jpg,366,136.5
1403292401,f00460.jpg,340.794,163.676
1403292401,f00461.jpg,383.1,72.3
1403292401,f00462.jpg,354,129.5
1403292401,f00463.jpg,335,168.5
1403292401,f00464.jpg,386,85.5
1403292401,f00465.jpg,354.588,141.853
1403292401,f00466.jpg,332.3,165.1
1403292401,f00467.jpg,384.5,89.5
1403292401,f00468.jpg,357.5,145.5
1403292401,f00469.jpg,340.7,157.6
1403292401,f00470.jpg,386.5,80
1403292401,f00471.jpg,349.95,140.35
1403292401,f00472.jpg,324.9,158.3
1403292401,f00473.jpg,377.5,96.5
1403292401,f00474.jpg,341.5,150.5
1403292401,f00475.jpg,321.55,158.15
1403292402,f00476.jpg,380.5,82
1403292402,f00477.jpg,344.5,126
1403292402,f00478.jpg,339.9,139.3
1403292402,f00479.jpg,386.5,82
1403292402,f00480.jpg,344.882,141.529
1403292402,f00481.jpg,344.765,135.059
1403292402,f00482.jpg,389.5,76
1403292402,f00483.jpg,337.5,149.5
1403292402,f00484.jpg,348.5,136.5
1403292402,f00485.jpg,384,92.5
1403292402,f00486.jpg,330.65,165.95
1403292402,f00487.jpg,344.5,138
1403292402,f00488.jpg,385.5,92.5
1403292402,f00489.jpg,327.65,160.95
1403292402,f00490.jpg,345.5,133
1403292402,f00491.jpg,384.1,103.3
1403292402,f00492.jpg,329.4,152.7
1403292402,f00493.jpg,356.5,127
1403292402,f00494.jpg,382,116
1403292402,f00495.jpg,322.8,173.1
1403292402,f00496.jpg,349.765,130.559
1403292402,f00497.jpg,373,109
1403292402,f00498.jpg,326,162.5
1403292402,f00499.jpg,348.5,128
1403292402,f00500.jpg,381.8,98.9
1403292402,f00501.jpg,334.15,174.95
1403292402,f00502.jpg,354.5,132.5
1403292402,f00503.jpg,386,109
1403292402,f00504.jpg,320.3,182.4
1403292402,f00505.jpg,331,127.5
1403292402,f00506.jpg,372,102
1403292402,f00507.jpg,300.9,171.3
1403292402,f00508.jpg,307.6,117.3
1403292402,f00509.jpg,360,98.5
1403292402,f00510.jpg,318.7,169.9
1403292402,f00511.jpg,350.5,129.5
1403292402,f00512.jpg,382,111
1403292402,f00513.jpg,330.4,182.8
1403292402,f00514.jpg,361.5,136.5
1403292402,f00515.jpg,381.1,111.7
1403292402,f00516.jpg,321.8,189.1
1403292402,f00517.jpg,355.5,137
1403292402,f00518.jpg,375.95,126.85
1403292402,f00519.jpg,322.5,191
1403292402,f00520.jpg,362.059,128.235
1403292402,f00521.jpg,370.8,122.6
1403292402,f00522.jpg,331.7,171.9
1403292402,f00523.jpg,371,126
1403292402,f00524.jpg,367.4,140.2
1403292402,f00525.jpg,318.8,190.1
1403292402,f00526.jpg,352.5,130.5
1403292402,f00527.jpg,360.5,132.5
1403292402,f00528.jpg,305.1,175.7
1403292402,f00529.jpg,338.529,116.618
1403292402,f00530.jpg,360.5,129.5
1403292402,f00531.jpg,319.9,180.8
1403292402,f00532.jpg,355.5,122.5
1403292402,f00533.jpg,362.5,121.5
1403292402,f00534.jpg,326.95,153.35
1403292402,f00535.jpg,360.35,101.05
1403292403,f00536.jpg,359.25,125.25
1403292403,f00537.jpg,327.9,158.8
1403292403,f00538.jpg,365.6,87.8
1403292403,f00539.jpg,351.1,120.3
1403292403,f00540.jpg,329,146
1403292403,f00541.jpg,365,102
1403292403,f00542.jpg,356.7,133.4
1403292403,f00543.jpg,320.3,177.1
1403292403,f00544.jpg,364,116
1403292403,f00545.jpg,357.5,145.5
1403292403,f00546.jpg,328.4,178.3
1403292403,f00547.jpg,374.55,105.65
1403292403,f00548.jpg,356.5,126.5
1403292403,f00549.jpg,328.9,147.8
1403292403,f00550.jpg,352.85,109.05
1403292403,f00551.jpg,346.966,148.414
1403292403,f00552.jpg,315.9,178.3
1403292403,f00553.jpg,352.5,122.5
1403292403,f00554.jpg,357.5,145.5
1403292403,f00555.jpg,329.9,169.8
1403292403,f00556.jpg,371.45,113.85
1403292403,f00557.jpg,360.5,145.5
1403292403,f00558.jpg,322.3,189.1
1403292403,f00559.jpg,362.5,121.5
1403292403,f00560.jpg,350.9,148.8
1403292403,f00561.jpg,307.2,186.4
1403292403,f00562.jpg,348,114
1403292403,f00563.jpg,349.3,146.6
1403292403,f00564.jpg,321.3,185.1
1403292403,f00565.jpg,368.5,117
1403292403,f00566.jpg,358.2,154.9
1403292403,f00567.jpg,335.3,182.6
1403292403,f00568.jpg,381.55,107.15
1403292403,f00569.jpg,350.483,153.207
1403292403,f00570.jpg,317.1,178.7
1403292403,f00571.jpg,366.35,110.55
1403292403,f00572.jpg,348.7,154.4
1403292403,f00573.jpg,324.2,183.9
1403292403,f00574.jpg,373,117
1403292403,f00575.jpg,350.7,148.4
1403292403,f00576.jpg,323.1,193.2
1403292403,f00577.jpg,371.5,123
1403292403,f00578.jpg,354.25,145.25
1403292403,f00579.jpg,319.7,186.9
1403292403,f00580.jpg,361.5,115
1403292403,f00581.jpg,352.9,143.3
1403292403,f00582.jpg,318.1,186.7
1403292403,f00583.jpg,363.5,118
1403292403,f00584.jpg,356.8,159.6
1403292403,f00585.jpg,314.8,182.1
1403292403,f00586.jpg,371.4,118.8
1403292403,f00587.jpg,351.8,154.6
1403292403,f00588.jpg,319,170.5
1403292403,f00589.jpg,365.75,115.75
1403292403,f00590.jpg,345.2,144.4
1403292403,f00591.jpg,324.7,165.9
1403292403,f00592.jpg,356,117.5
1403292403,f00593.jpg,344.3,149.6
1403292403,f00594.jpg,314.3,176.1
1403292403,f00595.jpg,358.35,119.55
1403292404,f00596.jpg,349.1,153.7
1403292404,f00597.jpg,329.3,155.4
1403292404,f00598.jpg,371,98
1403292404,f00599.jpg,345.9,137.8
1403292404,f00600.jpg,303.6,172.7
1403292404,f00601.jpg,346.4,115.3
1403292404,f00602.jpg,344.5,153
1403292404,f00603.jpg,328.4,174.8
1403292404,f00604.jpg,373,111
1403292404,f00605.jpg,350.5,148
1403292404,f00606.jpg,332.1,168.2
1403292404,f00607.jpg,375.55,101.65
1403292404,f00608.jpg,348.6,141.2
1403292404,f00609.jpg,322.5,165.5
1403292404,f00610.jpg,366.5,110
1403292404,f00611.jpg,348.95,138.85
1403292404,f00612.jpg,321.6,175.2
1403292404,f00613.jpg,359.5,113
1403292404,f00614.jpg,352.31,148.276
1403292404,f00615.jpg,321.3,182.1
1403292404,f00616.jpg,371.8,116.9
1403292404,f00617.jpg,361.8,143.9
1403292404,f00618.jpg,334.3,175.6
1403292404,f00619.jpg,377.3,119.1
1403292404,f00620.jpg,358.1,140.7
1403292404,f00621.jpg,327.1,168.2
1403292404,f00622.jpg,360.75,117.75
1403292404,f00623.jpg,352.9,148.3
1403292404,f00624.jpg,319.4,187.3
1403292404,f00625.jpg,349.8,121.6
1403292404,f00626.jpg,349.1,141.2
1403292404,f00627.jpg,314,191.5
1403292404,f00628.jpg,350.8,134.1
1403292404,f00629.jpg,356.9,141.2
1403292404,f00630.jpg,312.6,184.7
1403292404,f00631.jpg,355.6,121.8
1403292404,f00632.jpg,362,137.5
1403292404,f00633.jpg,315.4,188.3
1403292404,f00634.jpg,362.95,125.35
1403292404,f00635.jpg,369.5,141
1403292404,f00636.jpg,325.3,184.1
1403292404,f00637.jpg,368.5,119
1403292404,f00638.jpg,361.5,133
1403292404,f00639.jpg,307.8,182.1
1403292404,f00640.jpg,350.95,121.85
1403292404,f00641.jpg,365.4,149.3
1403292404,f00642.jpg,323.1,168.7
1403292404,f00643.jpg,365.5,108
1403292404,f00644.jpg,354.6,132.2
1403292404,f00645.jpg,331.4,171.8
1403292404,f00646.jpg,374.1,118.7
1403292404,f00647.jpg,358.178,139.308
1403292404,f00648.jpg,320.4,174.3
1403292404,f00649.jpg,364.75,115.75
1403292404,f00650.jpg,361.4,139.3
1403292404,f00651.jpg,319.9,172.3
1403292404,f00652.jpg,355.1,111.7
1403292404,f00653.jpg,354.862,135.155
1403292404,f00654.jpg,314.7,163.9
1403292404,f00655.jpg,358.776,103.69
1403292405,f00656.jpg,359.8,133.6
1403292405,f00657.jpg,313.2,166.4
1403292405,f00658.jpg,358.5,113
1403292405,f00659.jpg,356.4,130.3
1403292405,f00660.jpg,310.8,162.1
1403292405,f00661.jpg,359.5,108
1403292405,f00662.jpg,359.7,127.9
1403292405,f00663.jpg,314,175.5
1403292405,f00664.jpg,363.4,113.8
1403292405,f00665.jpg,356.4,136.8
1403292405,f00666.jpg,331.7,159.9
1403292405,f00667.jpg,376.4,108.7
1403292405,f00668.jpg,358.55,140.15
1403292405,f00669.jpg,330.2,170.4
1403292405,f00670.jpg,375.17,122.094
1403292405,f00671.jpg,366.9,142.7
1403292405,f00672.jpg,335.2,179.4
1403292405,f00673.jpg,371.5,108.5
1403292405,f00674.jpg,365.9,151.2
1403292405,f00675.jpg,319,181.5
1403292405,f00676.jpg,365.2,116.1
1403292405,f00677.jpg,362.65,150.45
1403292405,f00678.jpg,325.1,180.2
1403292405,f00679.jpg,368.5,116
1403292405,f00680.jpg,358.65,138.45
1403292405,f00681.jpg,313.5,181.5
1403292405,f00682.jpg,369.6,122.3
1403292405,f00683.jpg,359.8,155.1
1403292405,f00684.jpg,326.2,184.4
1403292405,f00685.jpg,380.8,114.4
1403292405,f00686.jpg,355.2,151.9
1403292405,f00687.jpg,321,175.5
1403292405,f00688.jpg,372.5,122
1403292405,f00689.jpg,356.25,160.25
1403292405,f00690.jpg,326.2,188.4
1403292405,f00691.jpg,371.65,125.45
1403292405,f00692.jpg,350.2,157.4
1403292405,f00693.jpg,332,179
1403292405,f00694.jpg,371.5,126
1403292405,f00695.jpg,358.5,161.5
1403292405,f00696.jpg,338.2,185.4
1403292405,f00697.jpg,376.5,116.5
1403292405,f00698.jpg,361,159.5
1403292405,f00699.jpg,346.8,179.6
1403292405,f00700.jpg,385.4,119.8
1403292405,f00701.jpg,357.5,162.5
1403292405,f00702.jpg,328.4,179.8
1403292405,f00703.jpg,379.9,113.7
1403292405,f00704.jpg,352.2,161.4
1403292405,f00705.jpg,344.9,178.8
1403292405,f00706.jpg,387,109.5
1403292405,f00707.jpg,353.2,158.4
1403292405,f00708.jpg,345.4,174.8
1403292405,f00709.jpg,383.9,118.2
1403292405,f00710.jpg,352,174
1403292405,f00711.jpg,321.2,184.4
1403292405,f00712.jpg,371.35,119.55
1403292405,f00713.jpg,350.2,162.4
1403292405,f00714.jpg,336.4,170.8
1403292405,f00715.jpg,378.9,119.7
1403292406,f00716.jpg,343.2,168.4
1403292406,f00717.jpg,328.5,169.5
1403292406,f00718.jpg,375.5,114.5
1403292406,f00719.jpg,352,164
1403292406,f00720.jpg,338.9,168.8
1403292406,f00721.jpg,378.5,111.5
1403292406,f00722.jpg,352.8,160.1
1403292406,f00723.jpg,342.9,165.8
1403292406,f00724.jpg,386.1,110.8
1403292406,f00725.jpg,346.2,160.4
1403292406,f00726.jpg,324.3,172.1
1403292406,f00727.jpg,376.5,117.5
1403292406,f00728.jpg,349.4,161.8
1403292406,f00729.jpg,325.8,172.6
1403292406,f00730.jpg,373.45,108.85
1403292406,f00731.jpg,371.1,148.3
1403292406,f00732.jpg,348.1,152.3
1403292406,f00733.jpg,381,107.5
1403292406,f00734.jpg,361.5,159.5
1403292406,f00735.jpg,324.6,188.2
1403292406,f00736.jpg,371.3,125.1
1403292406,f00737.jpg,361.8,152.1
1403292406,f00738.jpg,344.4,164.3
1403292406,f00739.jpg,373.75,110.25
1403292406,f00740.jpg,357.6,146.7
1403292406,f00741.jpg,331.1,160.2
1403292406,f00742.jpg,363.2,123.6
1403292406,f00743.jpg,369.2,139.6
1403292406,f00744.jpg,334.4,167.8
1403292406,f00745.jpg,362.877,123.321
1403292406,f00746.jpg,372.4,126.8
1403292406,f00747.jpg,334.2,181.4
1403292406,f00748.jpg,357.1,145.7
1403292406,f00749.jpg,371.75,126.25
1403292406,f00750.jpg,336.8,183.6
1403292406,f00751.jpg,351.1,163.2
1403292406,f00752.jpg,379.6,126.3
1403292406,f00753.jpg,339.8,174.6
1403292406,f00754.jpg,356.7,147.9
1403292406,f00755.jpg,378.5,119
1403292406,f00756.jpg,347.2,160.4
1403292406,f00757.jpg,346.1,141.2
1403292406,f00758.jpg,376.1,116.8
1403292406,f00759.jpg,339.6,172.2
1403292406,f00760.jpg,350,164
1403292406,f00761.jpg,373.4,112.7
1403292406,f00762.jpg,336.2,167.4
1403292406,f00763.jpg,342.7,163.4
1403292406,f00764.jpg,378.3,119.4
1403292406,f00765.jpg,340.7,172.4
1403292406,f00766.jpg,342.7,182.4
1403292406,f00767.jpg,375.7,113.9
1403292406,f00768.jpg,343.2,158.4
1403292406,f00769.jpg,345.2,160.4
1403292406,f00770.jpg,374.5,111.5
1403292406,f00771.jpg,345.4,164.8
1403292406,f00772.jpg,344.5,173.5
1403292406,f00773.jpg,370.481,118.934
1403292406,f00774.jpg,355.2,167.6
1403292406,f00775.jpg,344.55,181.65
1403292407,f00776.jpg,373.5,128
1403292407,f00777.jpg,364.65,142.45
1403292407,f00778.jpg,348.2,175.9
1403292407,f00779.jpg,370.05,130.15
1403292407,f00780.jpg,362.95,144.35
1403292407,f00781.jpg,333,186
1403292407,f00782.jpg,361.9,136.8
1403292407,f00783.jpg,369,123
1403292407,f00784.jpg,327.8,165.6
1403292407,f00785.jpg,351.655,139.138
1403292407,f00786.jpg,372,119
1403292407,f00787.jpg,337.6,172.2
1403292407,f00788.jpg,359.7,154.1
1403292407,f00789.jpg,377,125.5
1403292407,f00790.jpg,337.3,186.6
1403292407,f00791.jpg,345.9,168.8
1403292407,f00792.jpg,379,122.5
1403292407,f00793.jpg,331.5,170.5
1403292407,f00794.jpg,324.9,156.3
1403292407,f00795.jpg,373.8,103.1
1403292407,f00796.jpg,334.9,149.8
1403292407,f00797.jpg,337.9,155.3
1403292407,f00798.jpg,382.35,109.55
1403292407,f00799.jpg,353.3,163.6
1403292407,f00800.jpg,341.6,184.7
1403292407,f00801.jpg,374.45,128.35
1403292407,f00802.jpg,353.2,169.4
1403292407,f00803.jpg,334.2,192.4
1403292407,f00804.jpg,368,124
1403292407,f00805.jpg,344.75,154.25
1403292407,f00806.jpg,331.5,189
1403292407,f00807.jpg,364,130
1403292407,f00808.jpg,363.75,152.75
1403292407,f00809.jpg,334.8,195.1
1403292407,f00810.jpg,372.85,132.55
1403292407,f00811.jpg,368.6,137.2
1403292407,f00812.jpg,338.1,177.2
1403292407,f00813.jpg,368.4,131.8
1403292407,f00814.jpg,365.1,148.2
1403292407,f00815.jpg,335.2,192.4
1403292407,f00816.jpg,366.9,141.8
1403292407,f00817.jpg,368.4,127.8
1403292407,f00818.jpg,326.4,189.8
1403292407,f00819.jpg,349.6,170.2
1403292407,f00820.jpg,373.2,131.6
1403292407,f00821.jpg,337.6,180.2
1403292407,f00822.jpg,350.8,162.6
1403292407,f00823.jpg,373.4,116.8
1403292407,f00824.jpg,322.6,180.2
1403292407,f00825.jpg,332.7,170.9
1403292407,f00826.jpg,371.45,112.35
1403292407,f00827.jpg,338.7,171.4
1403292407,f00828.jpg,344.5,173
1403292407,f00829.jpg,372.7,122.4
1403292407,f00830.jpg,348.9,185.3
1403292407,f00831.jpg,349.2,187.6
1403292407,f00832.jpg,380.45,127.85
1403292407,f00833.jpg,357.1,170.2
1403292407,f00834.jpg,359.6,160.7
1403292407,f00835.jpg,381.3,119.1
1403292408,f00836.jpg,359.2,170.9
1403292408,f00837.jpg,352.4,169.3
1403292408,f00838.jpg,373.9,118.3
1403292408,f00839.jpg,351.35,154.55
1403292408,f00840.jpg,349.1,173.2
1403292408,f00841.jpg,370.65,132.95
1403292408,f00842.jpg,354.6,156.2
1403292408,f00843.jpg,331.2,175.4
1403292408,f00844.jpg,358,131.5
1403292408,f00845.jpg,364.61,137.959
1403292408,f00846.jpg,334,160
1403292408,f00847.jpg,356.2,117.9
1403292408,f00848.jpg,370.05,118.65
1403292408,f00849.jpg,342,141.5
1403292408,f00850.jpg,362.95,111.85
1403292408,f00851.jpg,375.6,119.7
1403292408,f00852.jpg,342.8,153.1
1403292408,f00853.jpg,366.7,124.4
1403292408,f00854.jpg,379.7,116.9
1403292408,f00855.jpg,336.9,173.8
1403292408,f00856.jpg,356.35,147.05
1403292408,f00857.jpg,376.85,119.05
1403292408,f00858.jpg,327.2,186.4
1403292408,f00859.jpg,341.1,164.7
1403292408,f00860.jpg,382.55,121.65
1403292408,f00861.jpg,347,189
1403292408,f00862.jpg,344.7,180.4
1403292408,f00863.jpg,380.3,124.4
1403292408,f00864.jpg,339.3,184.6
1403292408,f00865.jpg,342.5,173
1403292408,f00866.jpg,367.15,118.95
1403292408,f00867.jpg,332.6,173.7
1403292408,f00868.jpg,332.75,164.25
1403292408,f00869.jpg,367.8,109.9
1403292408,f00870.jpg,334.6,163.2
1403292408,f00871.jpg,320.8,168.1
1403292408,f00872.jpg,369.5,117
1403292408,f00873.jpg,347.8,160.6
1403292408,f00874.jpg,327.7,173.9
1403292408,f00875.jpg,369.5,115
1403292408,f00876.jpg,351.172,150.931
1403292408,f00877.jpg,325,190
1403292408,f00878.jpg,358.25,125.25
1403292408,f00879.jpg,349.5,140
1403292408,f00880.jpg,315.1,163.7
1403292408,f00881.jpg,347.7,107.1
1403292408,f00882.jpg,355,140.5
1403292408,f00883.jpg,316.2,196.4
1403292408,f00884.jpg,354.4,140.3
1403292408,f00885.jpg,369.1,130.8
1403292408,f00886.jpg,325.8,168.6
1403292408,f00887.jpg,353.8,124.1
1403292408,f00888.jpg,358.7,137.4
1403292408,f00889.jpg,328.5,170
1403292408,f00890.jpg,350.6,112.2
1403292408,f00891.jpg,371.4,111.8
1403292408,f00892.jpg,341,148.5
1403292408,f00893.jpg,361.85,114.05
1403292408,f00894.jpg,378.6,114.7
1403292408,f00895.jpg,346.1,149.7
1403292409,f00896.jpg,364.6,125.3
1403292409,f00897.jpg,379.3,135.4
1403292409,f00898.jpg,345.4,187.3
1403292409,f00899.jpg,362.3,156.9
1403292409,f00900.jpg,379.8,127.1
1403292409,f00901.jpg,335.2,171.4
1403292409,f00902.jpg,340.5,153
1403292409,f00903.jpg,355.55,109.15
1403292409,f00904.jpg,316,163.5
1403292409,f00905.jpg,291.9,155.8
1403292409,f00906.jpg,332.6,104.3
1403292409,f00907.jpg,307.9,174.3
1403292409,f00908.jpg,313.7,197.9
1403292409,f00909.jpg,368.6,125.2
1403292409,f00910.jpg,337.4,181.8
1403292409,f00911.jpg,339.1,171.2
1403292409,f00912.jpg,384.7,131.6
1403292409,f00913.jpg,338.6,196.8
1403292409,f00914.jpg,339.7,176.9
1403292409,f00915.jpg,374.1,126.7
1403292409,f00916.jpg,316.7,194.9
1403292409,f00917.jpg,320.5,167.5
1403292409,f00918.jpg,370.1,128.2
1403292409,f00919.jpg,326.5,189.5
1403292409,f00920.jpg,338.9,167.2
1403292409,f00921.jpg,374.1,134.2
1403292409,f00922.jpg,324.8,194.6
1403292409,f00923.jpg,337.4,165.3
1403292409,f00924.jpg,372.95,133.85
1403292409,f00925.jpg,321.4,186.8
1403292409,f00926.jpg,340.5,160
1403292409,f00927.jpg,371.8,131.4
1403292409,f00928.jpg,330.5,183
1403292409,f00929.jpg,337.7,154.4
1403292409,f00930.jpg,374.7,125.1
1403292409,f00931.jpg,336.2,183.4
1403292409,f00932.jpg,337.75,154.25
1403292409,f00933.jpg,370.45,118.35
1403292409,f00934.jpg,329,183
1403292409,f00935.jpg,325.2,157.4
1403292409,f00936.jpg,356.95,109.35
1403292409,f00937.jpg,325.8,162.1
1403292409,f00938.jpg,337.8,137.6
1403292409,f00939.jpg,360.5,97
1403292409,f00940.jpg,325.6,159.2
1403292409,f00941.jpg,332.1,139.7
1403292409,f00942.jpg,371.5,90.5
1403292409,f00943.jpg,338.9,160.8
1403292409,f00944.jpg,328.5,139.5
1403292409,f00945.jpg,372.5,108
1403292409,f00946.jpg,333.2,159.4
1403292409,f00947.jpg,340.7,127.4
1403292409,f00948.jpg,381.85,104.55
1403292409,f00949.jpg,332.948,172.121
1403292409,f00950.jpg,349.7,151.4
1403292409,f00951.jpg,382.15,113.45
1403292409,f00952.jpg,339.3,157.6
1403292409,f00953.jpg,359.5,135.5
1403292409,f00954.jpg,376.95,98.85
1403292409,f00955.jpg,329.95,167.35
1403292410,f00956.jpg,322.4,162.3
1403292410,f00957.jpg,372.55,117.15
1403292410,f00958.jpg,336.9,186.3
1403292410,f00959.jpg,345.4,161.2
1403292410,f00960.jpg,384.55,120.65
1403292410,f00961.jpg,332.1,190.2
1403292410,f00962.jpg,345.4,161.2
1403292410,f00963.jpg,374.25,115.25
1403292410,f00964.jpg,334.1,168.7
1403292410,f00965.jpg,333.7,144.1
1403292410,f00966.jpg,370.05,123.65
1403292410,f00967.jpg,337.5,185
1403292410,f00968.jpg,351.3,160.9
1403292410,f00969.jpg,390.15,136.45
1403292410,f00970.jpg,338.8,198.6
1403292410,f00971.jpg,347.85,157.05
1403292410,f00972.jpg,384.15,133.95
1403292410,f00973.jpg,333.9,196.8
1403292410,f00974.jpg,353.55,163.15
1403292410,f00975.jpg,382.25,127.25
1403292410,f00976.jpg,342.9,195.8
1403292410,f00977.jpg,358.85,163.05
1403292410,f00978.jpg,388.25,135.25
1403292410,f00979.jpg,338.9,199.8
1403292410,f00980.jpg,359.35,161.05
1403292410,f00981.jpg,387.5,131
1403292410,f00982.jpg,335.5,183
1403292410,f00983.jpg,360.45,158.35
1403292410,f00984.jpg,373.15,131.45
1403292410,f00985.jpg,330.4,196.3
1403292410,f00986.jpg,342.9,153.8
1403292410,f00987.jpg,375.3,133.6
1403292410,f00988.jpg,338,183
1403292410,f00989.jpg,353.3,153.1
1403292410,f00990.jpg,375.7,136.9
1403292410,f00991.jpg,328.4,195.8
1403292410,f00992.jpg,342.1,157.2
1403292410,f00993.jpg,367.1,148.3
1403292410,f00994.jpg,329.5,195
1403292410,f00995.jpg,351.3,147.6
1403292410,f00996.jpg,368.3,136.6
1403292410,f00997.jpg,329.4,186.3
1403292410,f00998.jpg,355.25,145.25
1403292410,f00999.jpg,368.1,149.2
1403292410,f01000.jpg,336.8,200.1
1403292410,f01001.jpg,362.7,164.4
1403292410,f01002.jpg,368.8,154.1
1403292410,f01003.jpg,341.2,203.4
1403292410,f01004.jpg,367.2,150.9
1403292410,f01005.jpg,379.15,159.45
1403292410,f01006.jpg,336.6,199.7
1403292410,f01007.jpg,354.2,150.9
1403292410,f01008.jpg,366.6,157.7
1403292410,f01009.jpg,324.4,208.8
1403292410,f01010.jpg,345.9,155.8
1403292410,f01011.jpg,353.2,156.4
1403292410,f01012.jpg,316.8,209.6
1403292410,f01013.jpg,351.2,149.4
1403292410,f01014.jpg,366.6,145.2
1403292410,f01015.jpg,331.5,179
1403292411,f01016.jpg,365.6,134.2
1403292411,f01017.jpg,368.6,147.2
1403292411,f01018.jpg,324,186
1403292411,f01019.jpg,357.586,130.465
1403292411,f01020.jpg,361,160.5
1403292411,f01021.jpg,322.4,189.8
1403292411,f01022.jpg,355.7,136.1
1403292411,f01023.jpg,363.2,157.9
1403292411,f01024.jpg,326.7,179.4
1403292411,f01025.jpg,370.05,126.15
1403292411,f01026.jpg,365.55,158.65
1403292411,f01027.jpg,328.5,168.5
1403292411,f01028.jpg,368.672,118.931
1403292411,f01029.jpg,355.7,155.9
1403292411,f01030.jpg,314,194
1403292411,f01031.jpg,352.8,135.1
1403292411,f01032.jpg,369.5,157
1403292411,f01033.jpg,328.9,174.8
1403292411,f01034.jpg,363.9,124.2
1403292411,f01035.jpg,365.7,152.4
1403292411,f01036.jpg,337,185
1403292411,f01037.jpg,376,129.5
1403292411,f01038.jpg,370.4,163.8
1403292411,f01039.jpg,334.6,183.2
1403292411,f01040.jpg,370.4,123.2
1403292411,f01041.jpg,364.8,150.4
1403292411,f01042.jpg,332.3,184.6
1403292411,f01043.jpg,378.034,127.586
1403292411,f01044.jpg,361.05,170.65
1403292411,f01045.jpg,330.9,192.8
1403292411,f01046.jpg,375.6,120.3
1403292411,f01047.jpg,371.6,158.2
1403292411,f01048.jpg,335.5,163
1403292411,f01049.jpg,380.138,118.345
1403292411,f01050.jpg,359.9,153.7
1403292411,f01051.jpg,326.6,174.7
1403292411,f01052.jpg,373.4,123.7
1403292411,f01053.jpg,374.85,157.05
1403292411,f01054.jpg,343.6,170.7
1403292411,f01055.jpg,382.2,115.6
1403292411,f01056.jpg,368.1,154.8
1403292411,f01057.jpg,349.3,184.1
1403292411,f01058.jpg,374,134.5
1403292411,f01059.jpg,361.8,149.6
1403292411,f01060.jpg,336.1,173.2
1403292411,f01061.jpg,361.6,127.2
1403292411,f01062.jpg,356.7,143.4
1403292411,f01063.jpg,337.6,187.2
1403292411,f01064.jpg,362.95,141.35
1403292411,f01065.jpg,375.1,127.7
1403292411,f01066.jpg,347,184
1403292411,f01067.jpg,365.2,153.4
1403292411,f01068.jpg,367.4,128.3
1403292411,f01069.jpg,337.9,163.8
1403292411,f01070.jpg,354,132
1403292411,f01071.jpg,364.9,124.8
1403292411,f01072.jpg,338.7,165.4
1403292411,f01073.jpg,358.4,132.8
1403292411,f01074.jpg,375.6,124.7
1403292411,f01075.jpg,340,180.5
1403292412,f01076.jpg,360,156
1403292412,f01077.jpg,391.507,114.685
1403292412,f01078.jpg,348.5,158
1403292412,f01079.jpg,364.103,128.259
1403292412,f01080.jpg,385.741,98.6034
1403292412,f01081.jpg,345.3,145.6
1403292412,f01082.jpg,360,117.5
1403292412,f01083.jpg,383.6,101.8
1403292412,f01084.jpg,345.9,168.8
1403292412,f01085.jpg,356.8,159.1
1403292412,f01086.jpg,390.517,112.293
1403292412,f01087.jpg,349.9,167.8
1403292412,f01088.jpg,360.8,151.1
1403292412,f01089.jpg,394.6,102.7
1403292412,f01090.jpg,351.2,156.9
1403292412,f01091.jpg,351.4,148.3
1403292412,f01092.jpg,379.948,108.121
1403292412,f01093.jpg,352.8,151.1
1403292412,f01094.jpg,349.9,139.8
1403292412,f01095.jpg,373.85,109.55
1403292412,f01096.jpg,346.4,168.3
1403292412,f01097.jpg,334.1,174.2
1403292412,f01098.jpg,375.3,122.6
1403292412,f01099.jpg,353.4,163.8
1403292412,f01100.jpg,348.6,172.7
1403292412,f01101.jpg,385.989,118.095
1403292412,f01102.jpg,364.3,157.1
1403292412,f01103.jpg,342.4,167.3
1403292412,f01104.jpg,370.5,110.5
1403292412,f01105.jpg,350.259,137.397
1403292412,f01106.jpg,328,162.5
1403292412,f01107.jpg,357.6,112.7
1403292412,f01108.jpg,370.2,136.4
1403292412,f01109.jpg,339.6,168.2
1403292412,f01110.jpg,373.5,113.5
1403292412,f01111.jpg,365.4,144.3
1403292412,f01112.jpg,330.6,174.2
1403292412,f01113.jpg,364.1,108.2
1403292412,f01114.jpg,359.8,135.6
1403292412,f01115.jpg,328.4,165.3
1403292412,f01116.jpg,361.4,109.8
1403292412,f01117.jpg,366.4,139.8
1403292412,f01118.jpg,340.8,161.6
1403292412,f01119.jpg,364,94
1403292412,f01120.jpg,360.8,131.6
1403292412,f01121.jpg,337.8,153.1
1403292412,f01122.jpg,371.7,100.6
1403292412,f01123.jpg,371.5,136
1403292412,f01124.jpg,340.8,153.1
1403292412,f01125.jpg,378.3,95.9
1403292412,f01126.jpg,363.328,119.069
1403292412,f01127.jpg,338.5,135
1403292412,f01128.jpg,367.5,92
1403292412,f01129.jpg,361.707,126.517
1403292412,f01130.jpg,327.6,175.2
1403292412,f01131.jpg,362.2,109.4
1403292412,f01132.jpg,371.3,106.4
1403292412,f01133.jpg,352.4,130.8
1403292412,f01134.jpg,378,79.5
1403292412,f01135.jpg,374.55,109.15
1403292413,f01136.jpg,333.1,151.2
1403292413,f01137.jpg,367.5,107
1403292413,f01138.jpg,373.5,130.5
1403292413,f01139.jpg,340.5,155.5
1403292413,f01140.jpg,358.5,103.5
1403292413,f01141.jpg,358.1,130.2
1403292413,f01142.jpg,328.7,159.4
1403292413,f01143.jpg,354.708,109.226
1403292413,f01144.jpg,365.1,128.2
1403292413,f01145.jpg,335,179
1403292413,f01146.jpg,364.5,144
1403292413,f01147.jpg,370.5,147
1403292413,f01148.jpg,341.5,185.5
1403292413,f01149.jpg,371.55,130.65
1403292413,f01150.jpg,373.2,144.4
1403292413,f01151.jpg,336.4,188.8
1403292413,f01152.jpg,364.45,144.85
1403292413,f01153.jpg,364.6,146.2
1403292413,f01154.jpg,333.9,190.8
1403292413,f01155.jpg,362.4,150.3
1403292413,f01156.jpg,373.8,150.6
1403292413,f01157.jpg,329.6,202.2
1403292413,f01158.jpg,367.4,150.8
1403292413,f01159.jpg,376.7,147.4
1403292413,f01160.jpg,336.6,198.2
1403292413,f01161.jpg,371.45,152.85
1403292413,f01162.jpg,377.372,149.274
1403292413,f01163.jpg,330.2,194.4
1403292413,f01164.jpg,359.5,142.5
1403292413,f01165.jpg,368.8,142.6
1403292413,f01166.jpg,334.1,177.2
1403292413,f01167.jpg,364.1,137.2
1403292413,f01168.jpg,370.8,137.6
1403292413,f01169.jpg,330,200
1403292413,f01170.jpg,354.6,165.2
1403292413,f01171.jpg,375.2,140.4
1403292413,f01172.jpg,344,189
1403292413,f01173.jpg,361.5,157.5
1403292413,f01174.jpg,371.2,136.4
1403292413,f01175.jpg,329.2,184.4
1403292413,f01176.jpg,341.1,156.2
1403292413,f01177.jpg,369.7,127.9
1403292413,f01178.jpg,332.4,169.8
1403292413,f01179.jpg,340.7,148.4
1403292413,f01180.jpg,366.5,125
1403292413,f01181.jpg,337.2,174.4
1403292413,f01182.jpg,347.483,150.207
1403292413,f01183.jpg,373,109.5
1403292413,f01184.jpg,328.4,159.3
1403292413,f01185.jpg,343.9,146.8
1403292413,f01186.jpg,368.8,115.6
1403292413,f01187.jpg,330.8,164.1
1403292413,f01188.jpg,336.6,152.2
1403292413,f01189.jpg,363.65,108.45
1403292413,f01190.jpg,327.8,181.6
1403292413,f01191.jpg,346.6,168.2
1403292413,f01192.jpg,384.091,113.376
1403292413,f01193.jpg,339.6,175.2
1403292413,f01194.jpg,353.9,143.8
1403292413,f01195.jpg,383.45,109.35
1403292414,f01196.jpg,334.8,172.6
1403292414,f01197.jpg,353.95,147.35
1403292414,f01198.jpg,374.2,107.6
1403292414,f01199.jpg,329,169
1403292414,f01200.jpg,339.3,137.6
1403292414,f01201.jpg,373.55,114.65
1403292414,f01202.jpg,329.207,168.517
1403292414,f01203.jpg,349.2,138.4
1403292414,f01204.jpg,378.6,112.7
1403292414,f01205.jpg,327.2,172.4
1403292414,f01206.jpg,340.233,144.788
1403292414,f01207.jpg,380.7,116.9
1403292414,f01208.jpg,332.6,180.7
1403292414,f01209.jpg,345.8,148.6
1403292414,f01210.jpg,377.25,108.75
1403292414,f01211.jpg,340.4,158.8
1403292414,f01212.jpg,355,127
1403292414,f01213.jpg,373.672,98.931
1403292414,f01214.jpg,333.6,166.7
1403292414,f01215.jpg,351.7,137.9
1403292414,f01216.jpg,377.3,107.1
1403292414,f01217.jpg,338.4,148.8
1403292414,f01218.jpg,360,124.5
1403292414,f01219.jpg,387.75,102.75
1403292414,f01220.jpg,340.4,169.3
1403292414,f01221.jpg,354.25,150.25
1403292414,f01222.jpg,375.2,106.9
1403292414,f01223.jpg,342.1,163.7
1403292414,f01224.jpg,356.55,143.65
1403292414,f01225.jpg,379.65,107.95
1403292414,f01226.jpg,334.1,165.2
1403292414,f01227.jpg,349.9,143.8
1403292414,f01228.jpg,375.4,106.7
1403292414,f01229.jpg,332.8,173.6
1403292414,f01230.jpg,344.5,165
1403292414,f01231.jpg,375.2,109.1
1403292414,f01232.jpg,345.2,163.4
1403292414,f01233.jpg,354.7,145.4
1403292414,f01234.jpg,390.9,98.8
1403292414,f01235.jpg,349.8,157.1
1403292414,f01236.jpg,358.2,158.4
1403292414,f01237.jpg,384.397,117.741
1403292414,f01238.jpg,336.6,182.7
1403292414,f01239.jpg,346.1,182.2
1403292414,f01240.jpg,378.85,124.55
1403292414,f01241.jpg,341,166
1403292414,f01242.jpg,342.7,142.4
1403292414,f01243.jpg,367,103
1403292414,f01244.jpg,338.3,153.6
1403292414,f01245.jpg,337.2,135.4
1403292414,f01246.jpg,367.4,104.8
1403292414,f01247.jpg,330.1,160.2
1403292414,f01248.jpg,336.2,145.4
1403292414,f01249.jpg,384.5,102.5
1403292414,f01250.jpg,335.8,151.6
1403292414,f01251.jpg,346.2,134.4
1403292414,f01252.jpg,385.3,89.6
1403292414,f01253.jpg,327.6,150.7
1403292414,f01254.jpg,324.9,140.8
1403292414,f01255.jpg,373.879,88.9483
1403292415,f01256.jpg,329.4,144.3
1403292415,f01257.jpg,335.5,146
1403292415,f01258.jpg,376.2,103.1
1403292415,f01259.jpg,332.8,170.1
1403292415,f01260.jpg,332.7,151.4
1403292415,f01261.jpg,377.4,108.7
1403292415,f01262.jpg,336.8,158.6
1403292415,f01263.jpg,344.2,131.9
1403292415,f01264.jpg,375.4,90.2
1403292415,f01265.jpg,331.3,135.6
1403292415,f01266.jpg,333.086,110.466
1403292415,f01267.jpg,368.81,99.2759
1403292415,f01268.jpg,331,159
1403292415,f01269.jpg,348.4,125.3
1403292415,f01270.jpg,380.1,102.7
1403292415,f01271.jpg,335.7,140.4
1403292415,f01272.jpg,348.25,120.25
1403292415,f01273.jpg,362.4,96.8
1403292415,f01274.jpg,328.3,154.1
1403292415,f01275.jpg,332.9,132.3
1403292415,f01276.jpg,361.6,111.7
1403292415,f01277.jpg,334.9,149.8
1403292415,f01278.jpg,344.8,121.9
1403292415,f01279.jpg,378.2,101.4
1403292415,f01280.jpg,347.7,139.9
1403292415,f01281.jpg,366.9,117.7
1403292415,f01282.jpg,379,114
1403292415,f01283.jpg,346.5,164.5
1403292415,f01284.jpg,357.9,139.2
1403292415,f01285.jpg,380.5,112.5
1403292415,f01286.jpg,346.2,180.4
1403292415,f01287.jpg,347,172
1403292415,f01288.jpg,378.5,115
1403292415,f01289.jpg,352.9,172.8
1403292415,f01290.jpg,358.2,167.9
1403292415,f01291.jpg,388.9,114.8
1403292415,f01292.jpg,355.5,153.5
1403292415,f01293.jpg,358.85,148.55
1403292415,f01294.jpg,386.2,105.6
1403292415,f01295.jpg,347.7,171.4
1403292415,f01296.jpg,342.255,190.453
1403292415,f01297.jpg,379,131.5
1403292415,f01298.jpg,350.3,170.6
1403292415,f01299.jpg,351.7,170.4
1403292415,f01300.jpg,384.672,115.431
1403292415,f01301.jpg,345.9,164.8
1403292415,f01302.jpg,340.5,175
1403292415,f01303.jpg,378.9,117.3
1403292415,f01304.jpg,341.9,157.8
1403292415,f01305.jpg,341.4,165.8
1403292415,f01306.jpg,377.2,120.9
1403292415,f01307.jpg,356.4,166.8
1403292415,f01308.jpg,338.6,161.2
1403292415,f01309.jpg,371,111.5
1403292415,f01310.jpg,337.5,165.5
1403292415,f01311.jpg,319.9,175.8
1403292415,f01312.jpg,364.8,124.6
1403292415,f01313.jpg,342,171
1403292415,f01314.jpg,330.1,177.2
1403292415,f01315.jpg,376.2,115.9
1403292416,f01316.jpg,348,165
1403292416,f01317.jpg,338.4,167.8
1403292416,f01318.jpg,378.1,111.7
1403292416,f01319.jpg,333.4,171.3
1403292416,f01320.jpg,319.9,179.3
1403292416,f01321.jpg,372.95,115.85
1403292416,f01322.jpg,347.2,169.4
1403292416,f01323.jpg,338.9,168.8
1403292416,f01324.jpg,390.6,106.3
1403292416,f01325.jpg,345.6,157.7
1403292416,f01326.jpg,340.3,150.6
1403292416,f01327.jpg,393.95,95.85
1403292416,f01328.jpg,345.5,156.5
1403292416,f01329.jpg,321.5,163.5
1403292416,f01330.jpg,376.65,104.95
1403292416,f01331.jpg,348.7,143.9
1403292416,f01332.jpg,345.2,143.9
1403292416,f01333.jpg,386.5,108.5
1403292416,f01334.jpg,358.6,168.7
1403292416,f01335.jpg,355.2,161.9
1403292416,f01336.jpg,393.7,119.9
1403292416,f01337.jpg,343.6,183.2
1403292416,f01338.jpg,339.3,192.6
1403292416,f01339.jpg,388.692,127.678
1403292416,f01340.jpg,359.9,185.3
1403292416,f01341.jpg,347.828,166.069
1403292416,f01342.jpg,393.483,120.707
1403292416,f01343.jpg,348.7,181.4
1403292416,f01344.jpg,363.25,174.75
1403292416,f01345.jpg,400.5,124.5
1403292416,f01346.jpg,360.731,184.346
1403292416,f01347.jpg,375.237,180.777
1403292416,f01348.jpg,405.4,128.3
1403292416,f01349.jpg,369.7,185.4
1403292416,f01350.jpg,384.2,160.4
1403292416,f01351.jpg,399,122.5
1403292416,f01352.jpg,361.675,175.982
1403292416,f01353.jpg,377.9,151.8
1403292416,f01354.jpg,395.6,130.2
1403292416,f01355.jpg,364.674,187.188
1403292416,f01356.jpg,375.072,169.903
1403292416,f01357.jpg,396.586,130.966
1403292416,f01358.jpg,363.9,191.3
1403292416,f01359.jpg,370.3,178.1
1403292416,f01360.jpg,397.845,129.362
1403292416,f01361.jpg,359.6,168.7
1403292416,f01362.jpg,376.81,156.478
1403292416,f01363.jpg,387.575,119.534
1403292416,f01364.jpg,355.7,166.9
1403292416,f01365.jpg,365.8,156.6
1403292416,f01366.jpg,394.586,122.966
1403292416,f01367.jpg,358.3,173.1
1403292416,f01368.jpg,371.65,151.45
1403292416,f01369.jpg,397.8,126.6
1403292416,f01370.jpg,360.391,188.449
1403292416,f01371.jpg,372.559,171.265
1403292416,f01372.jpg,394.8,129.6
1403292416,f01373.jpg,352.255,201.453
1403292416,f01374.jpg,360.516,182.244
1403292416,f01375.jpg,387.241,139.103
1403292417,f01376.jpg,349.3,207.1
1403292417,f01377.jpg,363.8,179.1
1403292417,f01378.jpg,392.2,139.4
1403292417,f01379.jpg,343.4,197.8
1403292417,f01380.jpg,365.9,174.3
1403292417,f01381.jpg,386.6,138.7
1403292417,f01382.jpg,341.1,200.7
1403292417,f01383.jpg,370.391,174.449
1403292417,f01384.jpg,392.6,140.2
1403292417,f01385.jpg,345.5,196.5
1403292417,f01386.jpg,368.1,172.3
1403292417,f01387.jpg,386.4,149.3
1403292417,f01388.jpg,349.4,193.3
1403292417,f01389.jpg,373.65,151.45
1403292417,f01390.jpg,383.4,150.3
1403292417,f01391.jpg,341.1,185.7
1403292417,f01392.jpg,368.35,150.55
1403292417,f01393.jpg,376.2,149.9
1403292417,f01394.jpg,336.2,195.4
1403292417,f01395.jpg,367.1,154.2
1403292417,f01396.jpg,376.534,144.586
1403292417,f01397.jpg,337.3,182.6
1403292417,f01398.jpg,372.5,139
1403292417,f01399.jpg,378,129.5
1403292417,f01400.jpg,335.3,176.6
1403292417,f01401.jpg,375,136.5
1403292417,f01402.jpg,384.8,143.1
1403292417,f01403.jpg,335.6,191.2
1403292417,f01404.jpg,363.2,135.4
1403292417,f01405.jpg,382.8,133.1
1403292417,f01406.jpg,336,180
1403292417,f01407.jpg,377.55,128.65
1403292417,f01408.jpg,385.6,127.2
1403292417,f01409.jpg,342.8,172.6
1403292417,f01410.jpg,381.4,137.3
1403292417,f01411.jpg,386.15,162.789
1403292417,f01412.jpg,338,206.5
1403292417,f01413.jpg,376.489,150.595
1403292417,f01414.jpg,377.372,157.274
1403292417,f01415.jpg,339.4,207.3
1403292417,f01416.jpg,373.9,156.8
1403292417,f01417.jpg,375.6,162.2
1403292417,f01418.jpg,351.7,197.9
1403292417,f01419.jpg,386.7,143.9
1403292417,f01420.jpg,375.8,162.6
1403292417,f01421.jpg,346.8,201.1
1403292417,f01422.jpg,385.5,138.5
1403292417,f01423.jpg,375.8,155.6
1403292417,f01424.jpg,345.9,169.3
1403292417,f01425.jpg,383.845,114.362
1403292417,f01426.jpg,373.6,141.7
1403292417,f01427.jpg,339.5,159.5
1403292417,f01428.jpg,376,112.5
1403292417,f01429.jpg,364.8,140.6
1403292417,f01430.jpg,337.7,179.4
1403292417,f01431.jpg,382.9,127.8
1403292417,f01432.jpg,384.81,134.776
1403292417,f01433.jpg,353.7,167.9
1403292417,f01434.jpg,395.752,114.318
1403292417,f01435.jpg,381.05,149.15
1403292418,f01436.jpg,338.4,182.8
1403292418,f01437.jpg,371.35,134.05
1403292418,f01438.jpg,370.6,147.2
1403292418,f01439.jpg,342.2,184.9
1403292418,f01440.jpg,370.6,135.2
1403292418,f01441.jpg,370.635,142.996
1403292418,f01442.jpg,344,185
1403292418,f01443.jpg,374.95,139.85
1403292418,f01444.jpg,371.7,143.4
1403292418,f01445.jpg,344.8,175.1
1403292418,f01446.jpg,376,133.5
1403292418,f01447.jpg,358.9,152.3
1403292418,f01448.jpg,318.1,177.7
1403292418,f01449.jpg,346.1,116.7
1403292418,f01450.jpg,354.4,134.3
1403292418,f01451.jpg,326.8,176.6
1403292418,f01452.jpg,370.55,126.65
1403292418,f01453.jpg,370.55,147.15
1403292418,f01454.jpg,335.5,197.5
1403292418,f01455.jpg,372.35,145.05
1403292418,f01456.jpg,368,146.5
1403292418,f01457.jpg,333.8,185.6
1403292418,f01458.jpg,364.05,134.65
1403292418,f01459.jpg,365.8,154.6
1403292418,f01460.jpg,331.3,185.6
1403292418,f01461.jpg,367.8,116.6
1403292418,f01462.jpg,370,135
1403292418,f01463.jpg,333.8,166.6
1403292418,f01464.jpg,376.3,105.1
1403292418,f01465.jpg,373.8,137.6
1403292418,f01466.jpg,339.2,165.4
1403292418,f01467.jpg,386.05,100.65
1403292418,f01468.jpg,369,144.5
1403292418,f01469.jpg,340.3,166.6
1403292418,f01470.jpg,387.9,108.8
1403292418,f01471.jpg,360,168.5
1403292418,f01472.jpg,334.2,191.4
1403292418,f01473.jpg,388.1,115.2
1403292418,f01474.jpg,365.172,143.431
1403292418,f01475.jpg,350.052,164.879
1403292418,f01476.jpg,388,92
1403292418,f01477.jpg,374.6,130.2
1403292418,f01478.jpg,345.7,158.4
1403292418,f01479.jpg,382.5,103.5
1403292418,f01480.jpg,359.5,146.5
1403292418,f01481.jpg,347.7,169.9
1403292418,f01482.jpg,377.4,110.8
1403292418,f01483.jpg,352.25,166.25
1403292418,f01484.jpg,331.5,200
1403292418,f01485.jpg,379.7,124.1
1403292418,f01486.jpg,360,161.5
1403292418,f01487.jpg,346.7,170.9
1403292418,f01488.jpg,392.35,110.55
1403292418,f01489.jpg,380.81,162.478
1403292418,f01490.jpg,347.9,188.3
1403292418,f01491.jpg,383.3,124.1
1403292418,f01492.jpg,367.6,161.2
1403292418,f01493.jpg,350.3,178.1
1403292418,f01494.jpg,385.7,116.4
1403292418,f01495.jpg,359.2,165.1
1403292419,f01496.jpg,341.5,193
1403292419,f01497.jpg,381.2,118.9
1403292419,f01498.jpg,353.7,158.9
1403292419,f01499.jpg,342.1,184.2
1403292419,f01500.jpg,379.1,129.8
1403292419,f01501.jpg,355,176.5
1403292419,f01502.jpg,334.5,177
1403292419,f01503.jpg,382.7,120.9
1403292419,f01504.jpg,346.9,165.8
1403292419,f01505.jpg,336.8,172.6
1403292419,f01506.jpg,382.7,109.4
1403292419,f01507.jpg,347.2,173.4
1403292419,f01508.jpg,330.9,190.8
1403292419,f01509.jpg,398.086,120.966
1403292419,f01510.jpg,358.4,171.8
1403292419,f01511.jpg,347.9,164.8
1403292419,f01512.jpg,401.6,116.2
1403292419,f01513.jpg,354.8,175.1
1403292419,f01514.jpg,352.5,157.5
1403292419,f01515.jpg,397.3,121.6
1403292419,f01516.jpg,352.8,186.6
1403292419,f01517.jpg,351.9,175.8
1403292419,f01518.jpg,396.7,120.9
1403292419,f01519.jpg,350.7,173.9
1403292419,f01520.jpg,363.5,153
1403292419,f01521.jpg,395.5,120.5
1403292419,f01522.jpg,349,185.5
1403292419,f01523.jpg,369.65,158.45
1403292419,f01524.jpg,399.483,123.707
1403292419,f01525.jpg,348.6,166.7
1403292419,f01526.jpg,367.7,139.4
1403292419,f01527.jpg,393.138,108.845
1403292419,f01528.jpg,344.9,163.3
1403292419,f01529.jpg,360.6,131.2
1403292419,f01530.jpg,382.879,129.948
1403292419,f01531.jpg,347.7,157.9
1403292419,f01532.jpg,367.7,119.1
1403292419,f01533.jpg,385.192,115.678
1403292419,f01534.jpg,350.7,141.9
1403292419,f01535.jpg,379.15,113.45
1403292419,f01536.jpg,391.5,109
1403292419,f01537.jpg,347.7,154.9
1403292419,f01538.jpg,364.8,124.1
1403292419,f01539.jpg,385.5,115
1403292419,f01540.jpg,338.1,154.2
1403292419,f01541.jpg,350.4,129.3
1403292419,f01542.jpg,378,112.5
1403292419,f01543.jpg,345.9,177.3
1403292419,f01544.jpg,359.75,152.25
1403292419,f01545.jpg,395.3,128.1
1403292419,f01546.jpg,351.6,177.7
1403292419,f01547.jpg,360.7,159.9
1403292419,f01548.jpg,385.2,131.9
1403292419,f01549.jpg,341.6,190.2
1403292419,f01550.jpg,359.1,158.2
1403292419,f01551.jpg,390.2,131.4
1403292419,f01552.jpg,343,198
1403292419,f01553.jpg,354.5,165
1403292419,f01554.jpg,380.3,143.6
1403292419,f01555.jpg,330,208.5
1403292420,f01556.jpg,354.9,166.8
1403292420,f01557.jpg,371.5,148
1403292420,f01558.jpg,329.1,200.2
1403292420,f01559.jpg,355,161.5
1403292420,f01560.jpg,376.6,141.2
1403292420,f01561.jpg,330.4,187.8
1403292420,f01562.jpg,357,142.5
1403292420,f01563.jpg,375.6,138.2
1403292420,f01564.jpg,330.1,183.7
1403292420,f01565.jpg,367.1,129.2
1403292420,f01566.jpg,377.8,141.1
1403292420,f01567.jpg,337.3,177.6
1403292420,f01568.jpg,369.6,131.2
1403292420,f01569.jpg,371.7,153.6
1403292420,f01570.jpg,336.4,188.8
1403292420,f01571.jpg,374.85,130.55
1403292420,f01572.jpg,374,140
1403292420,f01573.jpg,343.2,153.4
1403292420,f01574.jpg,390.3,100.4
1403292420,f01575.jpg,382.411,126.596
1403292420,f01576.jpg,351.8,151.1
1403292420,f01577.jpg,375,106
1403292420,f01578.jpg,365.55,142.15
1403292420,f01579.jpg,348,160.5
1403292420,f01580.jpg,377.5,106
1403292420,f01581.jpg,366,137
1403292420,f01582.jpg,345.6,148.7
1403292420,f01583.jpg,381.95,98.35
1403292420,f01584.jpg,371.1,119.7
1403292420,f01585.jpg,349.4,132.3
1403292420,f01586.jpg,381.2,90.4
1403292420,f01587.jpg,366.6,129.2
1403292420,f01588.jpg,342,143
1403292420,f01589.jpg,384.65,80.45
1403292420,f01590.jpg,372.062,117.164
1403292420,f01591.jpg,338.7,141.4
1403292420,f01592.jpg,382.1,98.2
1403292420,f01593.jpg,374.85,124.55
1403292420,f01594.jpg,349.8,128.1
1403292420,f01595.jpg,387.2,88.1
1403292420,f01596.jpg,371.81,122.276
1403292420,f01597.jpg,336.7,144.4
1403292420,f01598.jpg,364.4,102.3
1403292420,f01599.jpg,375.7,120.9
1403292420,f01600.jpg,355.4,155.8
1403292420,f01601.jpg,380.8,123.9
1403292420,f01602.jpg,371,135
1403292420,f01603.jpg,345.3,161.6
1403292420,f01604.jpg,381.397,115.226
1403292420,f01605.jpg,377.8,136.1
1403292420,f01606.jpg,343.7,165.4
1403292420,f01607.jpg,369.75,123.25
1403292420,f01608.jpg,369,140.5
1403292420,f01609.jpg,343.6,166.7
1403292420,f01610.jpg,367.6,120.3
1403292420,f01611.jpg,371.8,136.6
1403292420,f01612.jpg,342.8,161.6
1403292420,f01613.jpg,372.672,120.931
1403292420,f01614.jpg,377.1,124.7
1403292420,f01615.jpg,336.3,159.6
1403292421,f01616.jpg,361.1,113.7
1403292421,f01617.jpg,369.1,120.7
1403292421,f01618.jpg,338.9,159.8
1403292421,f01619.jpg,351.7,113.9
1403292421,f01620.jpg,368.733,113.288
1403292421,f01621.jpg,342.4,153.3
1403292421,f01622.jpg,367.4,122.8
1403292421,f01623.jpg,384.1,115.2
1403292421,f01624.jpg,346.6,155.2
1403292421,f01625.jpg,366.103,138.259
1403292421,f01626.jpg,388,138
1403292421,f01627.jpg,349.774,177.397
1403292421,f01628.jpg,361.6,158.7
1403292421,f01629.jpg,389.9,133.8
1403292421,f01630.jpg,352.6,191.7
1403292421,f01631.jpg,361,172.5
1403292421,f01632.jpg,384.8,147.1
1403292421,f01633.jpg,348,204.5
1403292421,f01634.jpg,366.1,175.2
1403292421,f01635.jpg,391.2,136.4
1403292421,f01636.jpg,351.8,187.1
1403292421,f01637.jpg,379.8,155.6
1403292421,f01638.jpg,394.9,130.8
1403292421,f01639.jpg,359.8,180.6
1403292421,f01640.jpg,389.75,150.75
1403292421,f01641.jpg,394.411,140.096
1403292421,f01642.jpg,357.4,193.3
1403292421,f01643.jpg,383.372,164.274
1403292421,f01644.jpg,387.2,141.4
1403292421,f01645.jpg,354,201.5
1403292421,f01646.jpg,370.6,174.7
1403292421,f01647.jpg,395.379,132.948
1403292421,f01648.jpg,359,191
1403292421,f01649.jpg,383.8,159.6
1403292421,f01650.jpg,398.4,129.8
1403292421,f01651.jpg,354.5,180
1403292421,f01652.jpg,367.8,149.6
1403292421,f01653.jpg,381.4,131.8
1403292421,f01654.jpg,342.6,186.7
1403292421,f01655.jpg,374.7,161.1
1403292421,f01656.jpg,395.379,135.948
1403292421,f01657.jpg,357,190.5
1403292421,f01658.jpg,382,157
1403292421,f01659.jpg,404.5,121.5
1403292421,f01660.jpg,364.2,170.9
1403292421,f01661.jpg,366.95,150.35
1403292421,f01662.jpg,389.086,121.466
1403292421,f01663.jpg,345.4,180.8
1403292421,f01664.jpg,352.9,158.3
1403292421,f01665.jpg,390.781,112.082
1403292421,f01666.jpg,353.6,162.7
1403292421,f01667.jpg,369.45,154.85
1403292421,f01668.jpg,398.85,114.05
1403292421,f01669.jpg,349.4,170.8
1403292421,f01670.jpg,372.45,154.85
1403292421,f01671.jpg,401.5,128.5
1403292421,f01672.jpg,347.8,184.1
1403292421,f01673.jpg,364.6,165.7
1403292421,f01674.jpg,400.418,119.781
1403292421,f01675.jpg,348.1,162.7
1403292422,f01676.jpg,373.25,152.25
1403292422,f01677.jpg,396,122
1403292422,f01678.jpg,353.7,177.9
1403292422,f01679.jpg,377.6,164.2
1403292422,f01680.jpg,411.8,123.1
1403292422,f01681.jpg,365,177
1403292422,f01682.jpg,389.8,149.1
1403292422,f01683.jpg,409.2,114.9
1403292422,f01684.jpg,357.6,181.7
1403292422,f01685.jpg,370,171
1403292422,f01686.jpg,395.5,136
1403292422,f01687.jpg,348.6,203.7
1403292422,f01688.jpg,365.3,193.1
1403292422,f01689.jpg,391.253,140.557
1403292422,f01690.jpg,352.6,175.2
1403292422,f01691.jpg,366.1,159.2
1403292422,f01692.jpg,388.507,120.685
1403292422,f01693.jpg,353.135,165.996
1403292422,f01694.jpg,347.6,155.7
1403292422,f01695.jpg,371.8,112.1
1403292422,f01696.jpg,343,180
1403292422,f01697.jpg,334.7,191.4
1403292422,f01698.jpg,374.776,123.19
1403292422,f01699.jpg,346.2,165.4
1403292422,f01700.jpg,354.8,161.6
1403292422,f01701.jpg,394.05,103.15
1403292422,f01702.jpg,353.2,149.9
1403292422,f01703.jpg,357.9,150.3
1403292422,f01704.jpg,391,102.5
1403292422,f01705.jpg,352.2,158.9
1403292422,f01706.jpg,343.8,164.1
1403292422,f01707.jpg,374.5,99.5
1403292422,f01708.jpg,343.5,160.5
1403292422,f01709.jpg,340.9,176.8
1403292422,f01710.jpg,386.3,113.6
1403292422,f01711.jpg,348.8,165.6
1403292422,f01712.jpg,340.5,175
1403292422,f01713.jpg,391.55,112.15
1403292422,f01714.jpg,349.7,164.4
1403292422,f01715.jpg,346.7,175.4
1403292422,f01716.jpg,387.5,120.5
1403292422,f01717.jpg,349,175
1403292422,f01718.jpg,342,169
1403292422,f01719.jpg,378.091,111.376
1403292422,f01720.jpg,340.2,166.4
1403292422,f01721.jpg,347.2,164.4
1403292422,f01722.jpg,393.459,117.89
1403292422,f01723.jpg,354.535,170.586
1403292422,f01724.jpg,350.2,169.9
1403292422,f01725.jpg,392.3,129.6
1403292422,f01726.jpg,348.6,182.2
1403292422,f01727.jpg,355.9,162.8
1403292422,f01728.jpg,397.3,123.6
1403292422,f01729.jpg,351.2,184.9
1403292422,f01730.jpg,360.3,170.1
1403292422,f01731.jpg,388.155,122.638
1403292422,f01732.jpg,344.8,188.1
1403292422,f01733.jpg,348.9,171.3
1403292422,f01734.jpg,371.1,130.7
1403292422,f01735.jpg,328.6,189.2
1403292423,f01736.jpg,347.5,177
1403292423,f01737.jpg,377.5,142.5
1403292423,f01738.jpg,339.8,193.1
1403292423,f01739.jpg,357.25,166.25
1403292423,f01740.jpg,391.1,137.2
1403292423,f01741.jpg,348.2,197.9
1403292423,f01742.jpg,371.4,168.3
1403292423,f01743.jpg,381.4,138.3
1403292423,f01744.jpg,340,191
1403292423,f01745.jpg,357.1,172.7
1403292423,f01746.jpg,372.4,146.8
1403292423,f01747.jpg,331.8,199.6
1403292423,f01748.jpg,355.3,173.1
1403292423,f01749.jpg,379.2,138.9
1403292423,f01750.jpg,344.7,195.9
1403292423,f01751.jpg,366.9,171.3
1403292423,f01752.jpg,387.1,143.7
1403292423,f01753.jpg,341.5,205.5
1403292423,f01754.jpg,360.2,178.9
1403292423,f01755.jpg,383.9,133.3
1403292423,f01756.jpg,333.9,186.8
1403292423,f01757.jpg,345.2,167.4
1403292423,f01758.jpg,373.69,135.224
1403292423,f01759.jpg,333.8,180.6
1403292423,f01760.jpg,349.1,162.2
1403292423,f01761.jpg,379.15,120.45
1403292423,f01762.jpg,329.6,171.7
1403292423,f01763.jpg,344.5,150
1403292423,f01764.jpg,375.9,104.3
1403292423,f01765.jpg,340.9,156.8
1403292423,f01766.jpg,337.5,138.5
1403292423,f01767.jpg,365.3,96.6
1403292423,f01768.jpg,321.8,163.6
1403292423,f01769.jpg,323.2,145.9
1403292423,f01770.jpg,373.4,107.3
1403292423,f01771.jpg,324.2,177.4
1403292423,f01772.jpg,335.7,147.9
1403292423,f01773.jpg,365.3,111.6
1403292423,f01774.jpg,324.8,155.1
1403292423,f01775.jpg,335.7,138.4
1403292423,f01776.jpg,373.9,109.7
1403292423,f01777.jpg,313.8,167.1
1403292423,f01778.jpg,325.1,143.7
1403292423,f01779.jpg,368.7,127.9
1403292423,f01780.jpg,318,181.5
1403292423,f01781.jpg,328.5,150.5
1403292423,f01782.jpg,366.328,116.069
1403292423,f01783.jpg,315.7,168.9
1403292423,f01784.jpg,328.44,134.026
1403292423,f01785.jpg,367.1,123.2
1403292423,f01786.jpg,325.3,156.6
1403292423,f01787.jpg,352,130
1403292423,f01788.jpg,383.4,111.8
1403292423,f01789.jpg,339.3,155.1
1403292423,f01790.jpg,370,121
1403292423,f01791.jpg,392.9,123.3
1403292423,f01792.jpg,340,172.5
1403292423,f01793.jpg,359.4,117.3
1403292423,f01794.jpg,380.4,121.3
1403292423,f01795.jpg,335.8,172.6
1403292424,f01796.jpg,364.6,120.2
1403292424,f01797.jpg,392,114.5
1403292424,f01798.jpg,346.9,152.3
1403292424,f01799.jpg,384.4,103.8
1403292424,f01800.jpg,390.65,112.95
1403292424,f01801.jpg,336.7,171.4
1403292424,f01802.jpg,368.4,134.8
1403292424,f01803.jpg,379.4,125.3
1403292424,f01804.jpg,344.3,160.1
1403292424,f01805.jpg,375.6,116.8
1403292424,f01806.jpg,380.4,117.3
1403292424,f01807.jpg,351.1,146.2
1403292424,f01808.jpg,382.459,99.3904
1403292424,f01809.jpg,387.9,112.8
1403292424,f01810.jpg,351.7,147.9
1403292424,f01811.jpg,383.224,117.81
1403292424,f01812.jpg,395.1,138.2
1403292424,f01813.jpg,345,178.5
1403292424,f01814.jpg,374.8,144.6
1403292424,f01815.jpg,386.2,134.9
1403292424,f01816.jpg,351.4,163.3
1403292424,f01817.jpg,375,128.5
1403292424,f01818.jpg,381,139.5
1403292424,f01819.jpg,352.6,181.7
1403292424,f01820.jpg,380.2,143.9
1403292424,f01821.jpg,390,125
1403292424,f01822.jpg,352.2,159.9
1403292424,f01823.jpg,383.5,123.5
1403292424,f01824.jpg,393.1,127.2
1403292424,f01825.jpg,343.6,165.2
1403292424,f01826.jpg,373.5,131
1403292424,f01827.jpg,382.5,128.5
1403292424,f01828.jpg,346.4,177.3
1403292424,f01829.jpg,378.6,130.7
1403292424,f01830.jpg,395.1,113.2
1403292424,f01831.jpg,358,153.5
1403292424,f01832.jpg,392.5,111.5
1403292424,f01833.jpg,402.2,124.9
1403292424,f01834.jpg,358.8,162.6
1403292424,f01835.jpg,397.5,112.5
1403292424,f01836.jpg,395.295,130.452
1403292424,f01837.jpg,358,176
1403292424,f01838.jpg,386.3,118.6
1403292424,f01839.jpg,383.4,127.8
1403292424,f01840.jpg,350.9,155.3
1403292424,f01841.jpg,391.1,92.7
1403292424,f01842.jpg,385.6,122.2
1403292424,f01843.jpg,349.1,145.7
1403292424,f01844.jpg,387.418,109.781
1403292424,f01845.jpg,385.6,129.2
1403292424,f01846.jpg,342.3,177.1
1403292424,f01847.jpg,379.4,122.3
1403292424,f01848.jpg,383,131.5
1403292424,f01849.jpg,355.9,149.8
1403292424,f01850.jpg,393.45,96.35
1403292424,f01851.jpg,389.4,123.8
1403292424,f01852.jpg,360,158
1403292424,f01853.jpg,394.6,103.8
1403292424,f01854.jpg,377,124.5
1403292424,f01855.jpg,350.4,146.3
1403292425,f01856.jpg,391.95,93.85
1403292425,f01857.jpg,384.6,127.7
1403292425,f01858.jpg,361.568,155.349
1403292425,f01859.jpg,403.379,101.948
1403292425,f01860.jpg,390.288,118.767
1403292425,f01861.jpg,359.431,147.934
1403292425,f01862.jpg,400.288,95.2671
1403292425,f01863.jpg,378.8,129.1
1403292425,f01864.jpg,343.9,147.8
1403292425,f01865.jpg,386,90.5
1403292425,f01866.jpg,380.7,125.4
1403292425,f01867.jpg,353.7,152.9
1403292425,f01868.jpg,395.466,102.575
1403292425,f01869.jpg,379.9,128.8
1403292425,f01870.jpg,349.6,146.7
1403292425,f01871.jpg,387.31,110.478
1403292425,f01872.jpg,373.8,149.6
1403292425,f01873.jpg,354.5,165
1403292425,f01874.jpg,393.345,105.362
1403292425,f01875.jpg,372.8,138.6
1403292425,f01876.jpg,346.4,157.3
1403292425,f01877.jpg,387.418,105.781
1403292425,f01878.jpg,374.4,141.3
1403292425,f01879.jpg,353.5,149.5
1403292425,f01880.jpg,392.4,108.8
1403292425,f01881.jpg,367.241,157.603
1403292425,f01882.jpg,350.2,184.9
1403292425,f01883.jpg,389.233,138.788
1403292425,f01884.jpg,366,163.5
1403292425,f01885.jpg,345.6,182.2
1403292425,f01886.jpg,381.4,126.3
1403292425,f01887.jpg,364.2,152.4
1403292425,f01888.jpg,342.5,166.5
1403292425,f01889.jpg,376.707,124.017
1403292425,f01890.jpg,358.4,161.3
1403292425,f01891.jpg,335.2,186.4
1403292425,f01892.jpg,376,130.5
1403292425,f01893.jpg,373.862,141.655
1403292425,f01894.jpg,345.1,166.7
1403292425,f01895.jpg,379.5,114.5
1403292425,f01896.jpg,369.7,144.4
1403292425,f01897.jpg,345.9,159.8
1403292425,f01898.jpg,379.3,109.1
1403292425,f01899.jpg,370.6,138.7
1403292425,f01900.jpg,342.8,151.1
1403292425,f01901.jpg,382.3,101.6
1403292425,f01902.jpg,368.2,141.9
1403292425,f01903.jpg,340.1,149.7
1403292425,f01904.jpg,390.2,92.9
1403292425,f01905.jpg,363.4,139.8
1403292425,f01906.jpg,339.1,160.7
1403292425,f01907.jpg,399.828,92.069
1403292425,f01908.jpg,385.1,118.2
1403292425,f01909.jpg,360.9,119.8
1403292425,f01910.jpg,402.5,66.5
1403292425,f01911.jpg,367.879,130.448
1403292425,f01912.jpg,359.8,135.6
1403292425,f01913.jpg,396.15,77.45
1403292425,f01914.jpg,362.2,144.4
1403292425,f01915.jpg,355.3,155.1
1403292426,f01916.jpg,399.431,93.3276
1403292426,f01917.jpg,363.7,152.4
1403292426,f01918.jpg,369.1,157.8
1403292426,f01919.jpg,406,102.5
1403292426,f01920.jpg,369.1,152.2
1403292426,f01921.jpg,373.7,147.4
1403292426,f01922.jpg,401.586,99.4655
1403292426,f01923.jpg,359.8,160.1
1403292426,f01924.jpg,350.9,169.3
1403292426,f01925.jpg,388.75,113.75
1403292426,f01926.jpg,358.6,153.7
1403292426,f01927.jpg,353.3,144.4
1403292426,f01928.jpg,398.63,111.014
1403292426,f01929.jpg,363.8,163.1
1403292426,f01930.jpg,360.7,154.9
1403292426,f01931.jpg,403.586,110.466
1403292426,f01932.jpg,364.7,157.9
1403292426,f01933.jpg,361.4,157.3
1403292426,f01934.jpg,397.2,103.9
1403292426,f01935.jpg,363.9,145.8
1403292426,f01936.jpg,352.1,139.7
1403292426,f01937.jpg,387.5,98
1403292426,f01938.jpg,360.103,150.259
1403292426,f01939.jpg,351.2,143.9
1403292426,f01940.jpg,395.027,98.2397
1403292426,f01941.jpg,366.4,147.3
1403292426,f01942.jpg,346.9,162.3
1403292426,f01943.jpg,393.948,117.621
1403292426,f01944.jpg,367,165.5
1403292426,f01945.jpg,358.4,181.3
1403292426,f01946.jpg,404.5,111.5
1403292426,f01947.jpg,372.8,150.6
1403292426,f01948.jpg,351.9,160.3
1403292426,f01949.jpg,391,110.5
1403292426,f01950.jpg,365.8,157.6
1403292426,f01951.jpg,355.8,161.1
1403292426,f01952.jpg,401.356,110.116
1403292426,f01953.jpg,370.9,149.8
1403292426,f01954.jpg,358.1,151.7
1403292426,f01955.jpg,400.9,108.3
1403292426,f01956.jpg,376.5,147
1403292426,f01957.jpg,353.3,150.1
1403292426,f01958.jpg,387.788,96.7671
1403292426,f01959.jpg,370.2,136.4
1403292426,f01960.jpg,349.5,140.5
1403292426,f01961.jpg,385.431,88.8276
1403292426,f01962.jpg,374,126.5
1403292426,f01963.jpg,356.1,137.2
1403292426,f01964.jpg,394.776,95.6897
1403292426,f01965.jpg,390.8,130.6
1403292426,f01966.jpg,364.8,173.6
1403292426,f01967.jpg,392.7,127.4
1403292426,f01968.jpg,402.2,136.9
1403292426,f01969.jpg,369.8,175.6
1403292426,f01970.jpg,392.3,128.6
1403292426,f01971.jpg,395.9,137.8
1403292426,f01972.jpg,363.2,178.9
1403292426,f01973.jpg,378.2,133.9
1403292426,f01974.jpg,400.9,117.3
1403292426,f01975.jpg,371.5,179
1403292427,f01976.jpg,388.7,143.9
1403292427,f01977.jpg,403.3,133.6
1403292427,f01978.jpg,366.207,194.483
1403292427,f01979.jpg,388.8,157.1
1403292427,f01980.jpg,412,134.5
1403292427,f01981.jpg,371.043,185.267
1403292427,f01982.jpg,388.795,148.952
1403292427,f01983.jpg,391.7,131.4
1403292427,f01984.jpg,356,178.5
1403292427,f01985.jpg,379.6,138.7
1403292427,f01986.jpg,390.4,123.8
1403292427,f01987.jpg,362.2,168.4
1403292427,f01988.jpg,380.6,139.7
1403292427,f01989.jpg,390.4,113.8
1403292427,f01990.jpg,350.5,166.5
1403292427,f01991.jpg,373.3,131.1
1403292427,f01992.jpg,389.6,115.2
1403292427,f01993.jpg,347.7,156.4
1403292427,f01994.jpg,368.856,122.616
1403292427,f01995.jpg,387.4,118.8
1403292427,f01996.jpg,348.1,167.7
1403292427,f01997.jpg,383.017,130.293
1403292427,f01998.jpg,393.6,124.7
1403292427,f01999.jpg,360.5,183
1403292427,f02000.jpg,388.2,137.4
1403292427,f02001.jpg,405.7,128.9
1403292427,f02002.jpg,371.5,178
1403292427,f02003.jpg,392.7,140.9
1403292427,f02004.jpg,396.052,134.879
1403292427,f02005.jpg,360.5,167.5
1403292427,f02006.jpg,393.983,122.707
1403292427,f02007.jpg,395.5,123
1403292427,f02008.jpg,370.1,173.2
1403292427,f02009.jpg,397.7,127.9
1403292427,f02010.jpg,402.1,128.2
1403292427,f02011.jpg,366.8,162.6
1403292427,f02012.jpg,399.7,107.9
1403292427,f02013.jpg,393.1,115.7
1403292427,f02014.jpg,352.671,163.623
1403292427,f02015.jpg,387.879,113.948
1403292427,f02016.jpg,388.19,123.224
1403292427,f02017.jpg,349.5,164.5
1403292427,f02018.jpg,393.3,105.1
1403292427,f02019.jpg,392.1,122.2
1403292427,f02020.jpg,359,157
1403292427,f02021.jpg,404.1,104.2
1403292427,f02022.jpg,396.897,122.741
1403292427,f02023.jpg,367.7,153.9
1403292427,f02024.jpg,401,100.5
1403292427,f02025.jpg,394.198,123.129
1403292427,f02026.jpg,351.3,173.6
1403292427,f02027.jpg,385.479,114.945
1403292427,f02028.jpg,385.2,133.9
1403292427,f02029.jpg,364.241,173.603
1403292427,f02030.jpg,399.914,120.534
1403292427,f02031.jpg,386.7,155.9
1403292427,f02032.jpg,369.517,182.293
1403292427,f02033.jpg,398.9,119.3
1403292427,f02034.jpg,388.317,163.224
1403292427,f02035.jpg,360.5,201.5
1403292428,f02036.jpg,393.507,141.685
1403292428,f02037.jpg,384.6,177.2
1403292428,f02038.jpg,358.7,192.9
1403292428,f02039.jpg,399.741,132.103
1403292428,f02040.jpg,371.983,183.207
1403292428,f02041.jpg,357.9,202.3
1403292428,f02042.jpg,402.9,132.3
1403292428,f02043.jpg,375.053,180.228
1403292428,f02044.jpg,361.9,201.8
1403292428,f02045.jpg,399.8,133.1
1403292428,f02046.jpg,375.2,185.4
1403292428,f02047.jpg,369.9,198.8
1403292428,f02048.jpg,405.914,125.034
1403292428,f02049.jpg,373.362,186.655
1403292428,f02050.jpg,367.5,204.5
1403292428,f02051.jpg,408.8,126.1
1403292428,f02052.jpg,368.5,183
1403292428,f02053.jpg,377.8,189.6
1403292428,f02054.jpg,409.1,130.7
1403292428,f02055.jpg,368.4,192.8
1403292428,f02056.jpg,380.7,186.4
1403292428,f02057.jpg,400.5,125.5
1403292428,f02058.jpg,364,177
1403292428,f02059.jpg,365.7,167.9
1403292428,f02060.jpg,391.379,113.509
1403292428,f02061.jpg,357.7,180.9
1403292428,f02062.jpg,358.3,171.1
1403292428,f02063.jpg,388.9,123.3
1403292428,f02064.jpg,358.8,184.1
1403292428,f02065.jpg,361.3,179.1
1403292428,f02066.jpg,389.418,119.781
1403292428,f02067.jpg,353.4,174.3
1403292428,f02068.jpg,370.1,166.2
1403292428,f02069.jpg,388.276,120.19
1403292428,f02070.jpg,358.9,175.8
1403292428,f02071.jpg,358.5,151.5
1403292428,f02072.jpg,386.069,120.349
1403292428,f02073.jpg,348.3,179.1
1403292428,f02074.jpg,356.05,168.65
1403292428,f02075.jpg,392.19,138.224
1403292428,f02076.jpg,358.6,189.7
1403292428,f02077.jpg,377.993,160.23
1403292428,f02078.jpg,404,105.5
1403292428,f02079.jpg,364.6,162.2
1403292428,f02080.jpg,372.603,148.759
1403292428,f02081.jpg,395.294,106.452
1403292428,f02082.jpg,356.85,173.55
1403292428,f02083.jpg,366.1,167.2
1403292428,f02084.jpg,384.575,118.534
1403292428,f02085.jpg,351.9,170.3
1403292428,f02086.jpg,369.63,153.014
1403292428,f02087.jpg,392.5,103.5
1403292428,f02088.jpg,354.9,152.3
1403292428,f02089.jpg,348.4,152.3
1403292428,f02090.jpg,374.582,102.719
1403292428,f02091.jpg,347.3,163.1
1403292428,f02092.jpg,346.6,161.7
1403292428,f02093.jpg,376.4,114.7
1403292428,f02094.jpg,348.9,166.8
1403292428,f02095.jpg,345.2,168.4
1403292429,f02096.jpg,378.2,122.4
1403292429,f02097.jpg,355.7,173.9
1403292429,f02098.jpg,353.3,182.1
1403292429,f02099.jpg,383.9,125.3
1403292429,f02100.jpg,352,164
1403292429,f02101.jpg,342.2,167.9
1403292429,f02102.jpg,373.6,112.7
1403292429,f02103.jpg,339.1,162.2
1403292429,f02104.jpg,331.7,177.4
1403292429,f02105.jpg,374.4,123.3
1403292429,f02106.jpg,351.7,165.9
1403292429,f02107.jpg,345.6,182.2
1403292429,f02108.jpg,381.672,125.431
1403292429,f02109.jpg,355.4,172.3
1403292429,f02110.jpg,350.9,188.3
1403292429,f02111.jpg,395.431,121.828
1403292429,f02112.jpg,364.4,164.3
1403292429,f02113.jpg,351.2,185.9
1403292429,f02114.jpg,390.7,120.9
1403292429,f02115.jpg,355.2,170.4
1403292429,f02116.jpg,347.1,179.7
1403292429,f02117.jpg,386.7,121.4
1403292429,f02118.jpg,354.1,168.7
1403292429,f02119.jpg,360.9,171.3
1403292429,f02120.jpg,404.948,121.621
1403292429,f02121.jpg,352,194
1403292429,f02122.jpg,361.8,193.1
1403292429,f02123.jpg,406.3,137.1
1403292429,f02124.jpg,358.4,197.3
1403292429,f02125.jpg,375.259,185.897
1403292429,f02126.jpg,403.553,131.728
1403292429,f02127.jpg,369,188
1403292429,f02128.jpg,387,149.5
1403292429,f02129.jpg,399.9,147.8
1403292429,f02130.jpg,365.3,198.1
1403292429,f02131.jpg,390.086,148.466
1403292429,f02132.jpg,399.5,139
1403292429,f02133.jpg,346.7,197.9
1403292429,f02134.jpg,370.226,156.372
1403292429,f02135.jpg,387.4,155.3
1403292429,f02136.jpg,341,211.5
1403292429,f02137.jpg,373.109,156.551
1403292429,f02138.jpg,389.4,153.8
1403292429,f02139.jpg,350.4,186.8
1403292429,f02140.jpg,387.1,140.7
1403292429,f02141.jpg,372,170
1403292429,f02142.jpg,343.1,201.7
1403292429,f02143.jpg,384.8,144.6
1403292429,f02144.jpg,376.253,168.057
1403292429,f02145.jpg,345.9,190.3
1403292429,f02146.jpg,380.2,132.9
1403292429,f02147.jpg,374.1,169.2
1403292429,f02148.jpg,349.3,193.1
1403292429,f02149.jpg,382.1,135.2
1403292429,f02150.jpg,365.033,169.215
1403292429,f02151.jpg,341.9,198.8
1403292429,f02152.jpg,378.4,130.3
1403292429,f02153.jpg,364.81,149.478
1403292429,f02154.jpg,342.5,171
1403292429,f02155.jpg,377.2,121.4
1403292430,f02156.jpg,356.345,159.362
1403292430,f02157.jpg,328.3,180.6
1403292430,f02158.jpg,374,127.5
1403292430,f02159.jpg,356.1,157.7
1403292430,f02160.jpg,336,193
1403292430,f02161.jpg,377.672,137.931
1403292430,f02162.jpg,361.8,169.1
1403292430,f02163.jpg,341.3,192.1
1403292430,f02164.jpg,386.2,127.4
1403292430,f02165.jpg,357.3,156.1
1403292430,f02166.jpg,328.7,175.9
1403292430,f02167.jpg,372.2,125.4
1403292430,f02168.jpg,353.1,160.7
1403292430,f02169.jpg,328.1,175.2
1403292430,f02170.jpg,373,119.5
1403292430,f02171.jpg,360.4,162.3
1403292430,f02172.jpg,331,197
1403292430,f02173.jpg,374.5,132.5
1403292430,f02174.jpg,359.9,155.3
1403292430,f02175.jpg,336.9,174.8
1403292430,f02176.jpg,370.3,116.1
1403292430,f02177.jpg,349.3,154.6
1403292430,f02178.jpg,329.8,171.1
1403292430,f02179.jpg,367.2,110.9
1403292430,f02180.jpg,351.8,145.1
1403292430,f02181.jpg,324.7,170.4
1403292430,f02182.jpg,372,98.5
1403292430,f02183.jpg,365.4,136.8
1403292430,f02184.jpg,347.1,154.7
1403292430,f02185.jpg,396.45,92.35
1403292430,f02186.jpg,369.862,139.155
1403292430,f02187.jpg,366.3,135.6
1403292430,f02188.jpg,415.2,103.4
1403292430,f02189.jpg,378.5,181
1403292430,f02190.jpg,363.4,167.2
1403292430,f02191.jpg,398.5,126
1403292430,f02192.jpg,347.2,202.4
1403292430,f02193.jpg,346.741,186.603
1403292430,f02194.jpg,381.017,150.793
1403292430,f02195.jpg,342,204.5
1403292430,f02196.jpg,356.8,167.1
1403292430,f02197.jpg,383.6,145.7
1403292430,f02198.jpg,344.6,181.7
1403292430,f02199.jpg,367.8,134.6
1403292430,f02200.jpg,378.052,139.879
1403292430,f02201.jpg,333.5,181.5
1403292430,f02202.jpg,360.2,135.4
1403292430,f02203.jpg,383,143.5
1403292430,f02204.jpg,330.2,179.9
1403292430,f02205.jpg,354,128.5
1403292430,f02206.jpg,364.6,144.7
1403292430,f02207.jpg,331.7,179.4
1403292430,f02208.jpg,360.295,113.952
1403292430,f02209.jpg,365.9,119.8
1403292430,f02210.jpg,341.8,165.1
1403292430,f02211.jpg,376,110.5
1403292430,f02212.jpg,378.6,123.7
1403292430,f02213.jpg,344.7,157.9
1403292430,f02214.jpg,386.7,104.4
1403292430,f02215.jpg,380.9,137.3
1403292431,f02216.jpg,346.1,178.2
1403292431,f02217.jpg,383.7,119.4
1403292431,f02218.jpg,368.7,143.4
1403292431,f02219.jpg,339.9,173.8
1403292431,f02220.jpg,377.672,112.431
1403292431,f02221.jpg,365,151.5
1403292431,f02222.jpg,344.5,179
1403292431,f02223.jpg,384.13,119.514
1403292431,f02224.jpg,368.707,165.517
1403292431,f02225.jpg,353.3,179.1
1403292431,f02226.jpg,392.9,110.3
1403292431,f02227.jpg,362.2,146.9
1403292431,f02228.jpg,348.1,155.2
1403292431,f02229.jpg,386.747,104.658
1403292431,f02230.jpg,359.4,149.8
1403292431,f02231.jpg,355,148.5
1403292431,f02232.jpg,393.828,94.569
1403292431,f02233.jpg,368.6,150.7
1403292431,f02234.jpg,351.9,157.3
1403292431,f02235.jpg,391.171,102.123
1403292431,f02236.jpg,362.2,161.9
1403292431,f02237.jpg,350.3,175.1
1403292431,f02238.jpg,390.171,109.123
1403292431,f02239.jpg,357,161.5
1403292431,f02240.jpg,348.5,165.5
1403292431,f02241.jpg,383.459,104.39
1403292431,f02242.jpg,354.7,153.9
1403292431,f02243.jpg,349.2,180.9
1403292431,f02244.jpg,386.9,116.8
1403292431,f02245.jpg,362,159.5
1403292431,f02246.jpg,346.3,178.6
1403292431,f02247.jpg,381.1,117.7
1403292431,f02248.jpg,360.5,169.5
1403292431,f02249.jpg,350.8,183.1
1403292431,f02250.jpg,380.81,121.776
1403292431,f02251.jpg,351.638,162.845
1403292431,f02252.jpg,339.2,181.4
1403292431,f02253.jpg,369.7,131.4
1403292431,f02254.jpg,346.7,172.4
1403292431,f02255.jpg,325.7,176.4
1403292431,f02256.jpg,361.7,117.4
1403292431,f02257.jpg,347,155
1403292431,f02258.jpg,334.5,176
1403292431,f02259.jpg,376.672,101.431
1403292431,f02260.jpg,358.4,136.8
1403292431,f02261.jpg,340,141.5
1403292431,f02262.jpg,380.65,90.45
1403292431,f02263.jpg,355.4,140.3
1403292431,f02264.jpg,332.8,140.6
1403292431,f02265.jpg,378.15,88.95
1403292431,f02266.jpg,347.4,135.8
1403292431,f02267.jpg,321.7,134.4
1403292431,f02268.jpg,366.5,89.5
1403292431,f02269.jpg,347.4,133.8
1403292431,f02270.jpg,325.1,142.7
1403292431,f02271.jpg,369.2,87.6
1403292431,f02272.jpg,355,128.5
1403292431,f02273.jpg,334.9,125.8
1403292431,f02274.jpg,378,82.5
1403292431,f02275.jpg,355.4,120.3
1403292432,f02276.jpg,332.5,122
1403292432,f02277.jpg,372.55,85.65
1403292432,f02278.jpg,354.6,133.7
1403292432,f02279.jpg,335.3,136.6
1403292432,f02280.jpg,372.3,88.9
1403292432,f02281.jpg,359.7,131.9
1403292432,f02282.jpg,345,153
1403292432,f02283.jpg,378.15,103.45
1403292432,f02284.jpg,366,148
1403292432,f02285.jpg,341.4,160.8
1403292432,f02286.jpg,373.603,108.259
1403292432,f02287.jpg,356,152.5
1403292432,f02288.jpg,333.7,176.4
1403292432,f02289.jpg,374.638,124.845
1403292432,f02290.jpg,365,151
1403292432,f02291.jpg,344.5,177
1403292432,f02292.jpg,383.9,125.3
1403292432,f02293.jpg,371.31,156.776
1403292432,f02294.jpg,352.6,188.7
1403292432,f02295.jpg,385,125
1403292432,f02296.jpg,373.8,134.1
1403292432,f02297.jpg,346.9,163.3
1403292432,f02298.jpg,373.4,112.3
1403292432,f02299.jpg,362.1,140.7
1403292432,f02300.jpg,343.1,163.7
1403292432,f02301.jpg,366.4,116.8
1403292432,f02302.jpg,371,139
1403292432,f02303.jpg,335,168
1403292432,f02304.jpg,361.3,116.1
1403292432,f02305.jpg,364.9,138.8
1403292432,f02306.jpg,327,170
1403292432,f02307.jpg,351.4,123.3
1403292432,f02308.jpg,368.1,119.7
1403292432,f02309.jpg,332.9,154.3
1403292432,f02310.jpg,355.2,127.9
1403292432,f02311.jpg,370.1,129.2
1403292432,f02312.jpg,328.2,175.9
1403292432,f02313.jpg,355.4,146.3
1403292432,f02314.jpg,380.2,117.9
1403292432,f02315.jpg,343.1,147.7
1403292432,f02316.jpg,363.5,115
1403292432,f02317.jpg,381.6,114.2
1403292432,f02318.jpg,344,153.5
1403292432,f02319.jpg,364.552,114.879
1403292432,f02320.jpg,390.3,110.1
1403292432,f02321.jpg,336.6,162.2
1403292432,f02322.jpg,363.2,121.4
1403292432,f02323.jpg,387.8,121.6
1403292432,f02324.jpg,345.6,167.7
1403292432,f02325.jpg,372.6,113.7
1403292432,f02326.jpg,379.017,114.293
1403292432,f02327.jpg,339.1,143.2
1403292432,f02328.jpg,369.3,99.6
1403292432,f02329.jpg,372,119.5
1403292432,f02330.jpg,343.6,133.7
1403292432,f02331.jpg,372.1,84.7
1403292432,f02332.jpg,376.4,104.3
1403292432,f02333.jpg,339.3,157.1
1403292432,f02334.jpg,367.5,106
1403292432,f02335.jpg,378.75,112.25
1403292433,f02336.jpg,341.1,128.7
1403292433,f02337.jpg,369.6,81.2
1403292433,f02338.jpg,363.2,117.4
1403292433,f02339.jpg,334.4,128.8
1403292433,f02340.jpg,367.5,78.5
1403292433,f02341.jpg,369.4,114.8
1403292433,f02342.jpg,335.3,114.6
1403292433,f02343.jpg,384.1,70.7
1403292433,f02344.jpg,370.672,111.931
1403292433,f02345.jpg,345.7,109.9
1403292433,f02346.jpg,398.5,57.5
1403292433,f02347.jpg,385.2,94.6
1403292433,f02348.jpg,354,100
1403292433,f02349.jpg,399.5,64
1403292433,f02350.jpg,373.2,113.9
1403292433,f02351.jpg,349,108
1403292433,f02352.jpg,404.5,58.5
1403292433,f02353.jpg,373.794,112.452
1403292433,f02354.jpg,345.7,127.9
1403292433,f02355.jpg,391.3,68.1
1403292433,f02356.jpg,375.2,118.9
1403292433,f02357.jpg,355.5,138
1403292433,f02358.jpg,394.3,82.1
1403292433,f02359.jpg,366,124
1403292433,f02360.jpg,353.1,129.7
1403292433,f02361.jpg,391.4,81.3
1403292433,f02362.jpg,365.3,119.6
1403292433,f02363.jpg,346.4,128.3
1403292433,f02364.jpg,385.086,78.9655
1403292433,f02365.jpg,366.8,125.6
1403292433,f02366.jpg,341.9,132.3
1403292433,f02367.jpg,390.948,79.6207
1403292433,f02368.jpg,372.69,117.224
1403292433,f02369.jpg,347.9,121.3
1403292433,f02370.jpg,396.2,71.4
1403292433,f02371.jpg,374.8,123.6
1403292433,f02372.jpg,349.1,123.7
1403292433,f02373.jpg,398.9,68.3
1403292433,f02374.jpg,383.3,112.1
1403292433,f02375.jpg,350.7,114.4
1403292433,f02376.jpg,384.1,69.8
1403292433,f02377.jpg,371.8,114.6
1403292433,f02378.jpg,356.1,115.2
1403292433,f02379.jpg,400.724,66.3103
1403292433,f02380.jpg,382.224,104.81
1403292433,f02381.jpg,358.9,113.8
1403292433,f02382.jpg,401,54
1403292433,f02383.jpg,388.5,84
1403292433,f02384.jpg,354.7,101.4
1403292433,f02385.jpg,385.966,49.4138
1403292433,f02386.jpg,374.7,83.9
1403292433,f02387.jpg,352.1,92.2
1403292433,f02388.jpg,389.5,41
1403292433,f02389.jpg,381.25,85.25
1403292433,f02390.jpg,346.3,119.1
1403292433,f02391.jpg,391.95,66.35
1403292433,f02392.jpg,393.5,102.5
1403292433,f02393.jpg,357.3,128.6
1403292433,f02394.jpg,382.5,65.5
1403292433,f02395.jpg,376.276,94.6897
1403292434,f02396.jpg,352.5,128
1403292434,f02397.jpg,381.25,74.75
1403292434,f02398.jpg,376.5,98.5
1403292434,f02399.jpg,341.3,158.1
1403292434,f02400.jpg,372.6,111.7
1403292434,f02401.jpg,390.233,102.288
1403292434,f02402.jpg,351.9,158.8
1403292434,f02403.jpg,374.1,117.7
1403292434,f02404.jpg,382.328,94.569
1403292434,f02405.jpg,348.9,151.3
1403292434,f02406.jpg,359.7,110.4
1403292434,f02407.jpg,372.75,99.75
1403292434,f02408.jpg,350.2,156.9
1403292434,f02409.jpg,364.7,113.4
1403292434,f02410.jpg,389.1,91.7
1403292434,f02411.jpg,355,156.5
1403292434,f02412.jpg,365.8,126.6
1403292434,f02413.jpg,390.534,105.086
1403292434,f02414.jpg,358.438,161.336
1403292434,f02415.jpg,368.7,137.4
1403292434,f02416.jpg,384.6,105.2
1403292434,f02417.jpg,348.4,164.8
1403292434,f02418.jpg,355.5,141.5
1403292434,f02419.jpg,382.3,98.6
1403292434,f02420.jpg,348.1,148.7
1403292434,f02421.jpg,352.3,142.1
1403292434,f02422.jpg,385.1,96.2
1403292434,f02423.jpg,357.948,140.621
1403292434,f02424.jpg,359.7,138.4
1403292434,f02425.jpg,395.069,79.6724
1403292434,f02426.jpg,366.4,129.8
1403292434,f02427.jpg,360.7,135.4
1403292434,f02428.jpg,390.6,79.7
1403292434,f02429.jpg,369.2,120.9
1403292434,f02430.jpg,365.2,113.4
1403292434,f02431.jpg,397,65
1403292434,f02432.jpg,374.8,104.1
1403292434,f02433.jpg,357.4,119.8
1403292434,f02434.jpg,379.75,76.75
1403292434,f02435.jpg,377,103.5
1403292434,f02436.jpg,353,150.5
1403292434,f02437.jpg,379.017,100.293
1403292434,f02438.jpg,380,97.5
1403292434,f02439.jpg,352.2,146.9
1403292434,f02440.jpg,370.788,112.267
1403292434,f02441.jpg,383.582,90.7192
1403292434,f02442.jpg,359,136
1403292434,f02443.jpg,366.9,114.8
1403292434,f02444.jpg,380.233,80.2877
1403292434,f02445.jpg,356.1,140.2
1403292434,f02446.jpg,357.9,125.8
1403292434,f02447.jpg,386.4,79.8
1403292434,f02448.jpg,366,136.5
1403292434,f02449.jpg,355.25,148.75
1403292434,f02450.jpg,386.3,87.1
1403292434,f02451.jpg,374.8,112.1
1403292434,f02452.jpg,348.1,153.7
1403292434,f02453.jpg,367.6,117.2
1403292434,f02454.jpg,375.2,103.9
1403292434,f02455.jpg,347.4,162.3
1403292435,f02456.jpg,353.7,144.9
1403292435,f02457.jpg,376.155,95.6379
1403292435,f02458.jpg,354,147
1403292435,f02459.jpg,350.5,154
1403292435,f02460.jpg,369.81,99.2759
1403292435,f02461.jpg,362.89,118.041
1403292435,f02462.jpg,344.4,160.3
1403292435,f02463.jpg,348.1,134.7
1403292435,f02464.jpg,362.856,106.616
1403292435,f02465.jpg,348.5,148.5
1403292435,f02466.jpg,348.3,153.1
1403292435,f02467.jpg,357.4,122.8
1403292435,f02468.jpg,355,130
1403292435,f02469.jpg,342.2,169.9
1403292435,f02470.jpg,346.7,152.9
1403292435,f02471.jpg,350.3,119.1
1403292435,f02472.jpg,343.7,141.9
1403292435,f02473.jpg,340.4,173.3
1403292435,f02474.jpg,344.8,164.1
1403292435,f02475.jpg,346.6,135.7
1403292435,f02476.jpg,349.2,134.9
1403292435,f02477.jpg,340.5,155
1403292435,f02478.jpg,335.7,163.4
1403292435,f02479.jpg,338.3,155.1
1403292435,f02480.jpg,344.9,151.3
1403292435,f02481.jpg,342.7,154.9
1403292435,f02482.jpg,338.1,159.2
1403292435,f02483.jpg,338.2,158.9
1403292435,f02484.jpg,339.8,158.6
1403292435,f02485.jpg,338.7,159.4
1403292435,f02486.jpg,338.1,159.7
1403292435,f02487.jpg,338.4,160.3
1403292435,f02488.jpg,338.4,160.3
1403292435,f02489.jpg,338.4,160.8
1403292435,f02490.jpg,341,158.5
1403292435,f02491.jpg,341.7,158.4
1403292435,f02492.jpg,338.6,161.2
1403292435,f02493.jpg,337.8,161.6
1403292435,f02494.jpg,338.4,161.3
1403292435,f02495.jpg,337.8,161.6
1403292435,f02496.jpg,337.8,162.1
1403292435,f02497.jpg,337.8,162.1
1403292435,f02498.jpg,337.8,162.1
1403292435,f02499.jpg,338,162.5
1403292435,f02500.jpg,337.8,162.6
1403292435,f02501.jpg,337.6,162.7
1403292435,f02502.jpg,337.6,163.2
1403292435,f02503.jpg,337.6,163.2
1403292435,f02504.jpg,337.6,163.2
1403292435,f02505.jpg,337.2,163.4
1403292435,f02506.jpg,337.2,163.4
1403292435,f02507.jpg,337.4,163.8
1403292435,f02508.jpg,337.6,163.7
1403292435,f02509.jpg,337.6,163.7
1403292435,f02510.jpg,337.7,163.9
1403292435,f02511.jpg,337.6,163.7
1403292435,f02512.jpg,335.5,164
1403292435,f02513.jpg,336.2,160.9
1403292435,f02514.jpg,336.2,160.4
1403292435,f02515.jpg,336.8,163.6
1403292436,f02516.jpg,336.8,163.6
1403292436,f02517.jpg,336.7,163.9
1403292436,f02518.jpg,336.8,164.6
1403292436,f02519.jpg,336.6,164.7
1403292436,f02520.jpg,336.4,164.8
1403292436,f02521.jpg,336.4,164.8
1403292436,f02522.jpg,336.6,165.2
1403292436,f02523.jpg,336.6,165.2
1403292436,f02524.jpg,336.6,165.2
1403292436,f02525.jpg,336.2,165.4
1403292436,f02526.jpg,336,165.5
1403292436,f02527.jpg,336.2,165.9
1403292436,f02528.jpg,336.2,165.9
1403292436,f02529.jpg,336,166
1403292436,f02530.jpg,336.3,166.1
1403292436,f02531.jpg,336.2,166.4
1403292436,f02532.jpg,336.2,166.4
1403292436,f02533.jpg,336,166.5
1403292436,f02534.jpg,335.8,166.6
1403292436,f02535.jpg,335.8,166.6
1403292436,f02536.jpg,335.8,166.6
1403292436,f02537.jpg,336,167
1403292436,f02538.jpg,336,166.5
1403292436,f02539.jpg,336.8,165.6
1403292436,f02540.jpg,339.2,163.9
1403292436,f02541.jpg,337.2,165.9
1403292436,f02542.jpg,336,166.5
1403292436,f02543.jpg,336.5,166.5
1403292436,f02544.jpg,336.4,166.8
1403292436,f02545.jpg,336.2,166.9
1403292436,f02546.jpg,334.5,167
1403292436,f02547.jpg,336,167.5
1403292436,f02548.jpg,336,167.5
1403292436,f02549.jpg,336,167.5
1403292436,f02550.jpg,336,167.5
1403292436,f02551.jpg,336,167.5
1403292436,f02552.jpg,336,167.5
1403292436,f02553.jpg,335.6,167.2
1403292436,f02554.jpg,335.6,167.2
1403292436,f02555.jpg,335.8,167.1
1403292436,f02556.jpg,335.8,167.1
1403292436,f02557.jpg,335.6,167.2
1403292436,f02558.jpg,335.6,167.2
1403292436,f02559.jpg,335.4,167.3
1403292436,f02560.jpg,335.4,167.3
1403292436,f02561.jpg,335.4,167.3
1403292436,f02562.jpg,335.4,167.3
1403292436,f02563.jpg,335.4,167.3
1403292436,f02564.jpg,335.4,167.3
1403292436,f02565.jpg,334,164
1403292436,f02566.jpg,333.8,163.6
1403292436,f02567.jpg,334.5,166.5
1403292436,f02568.jpg,334.6,166.2
1403292436,f02569.jpg,334.8,166.6
1403292436,f02570.jpg,334.7,166.9
1403292436,f02571.jpg,334.7,166.9
1403292436,f02572.jpg,334.8,167.1
1403292436,f02573.jpg,334.8,167.1
1403292436,f02574.jpg,334.6,167.2
1403292436,f02575.jpg,334.4,167.3
1403292437,f02576.jpg,334.4,167.3
1403292437,f02577.jpg,334.4,167.3
1403292437,f02578.jpg,334.6,167.7
1403292437,f02579.jpg,334.7,167.4
1403292437,f02580.jpg,334.4,167.8
1403292437,f02581.jpg,334.4,167.8
1403292437,f02582.jpg,334.3,167.6
1403292437,f02583.jpg,334.4,167.8
1403292437,f02584.jpg,334.4,167.8
1403292437,f02585.jpg,334.2,167.9
1403292437,f02586.jpg,334,168
1403292437,f02587.jpg,334,168
1403292437,f02588.jpg,332.5,168
1403292437,f02589.jpg,334,168
1403292437,f02590.jpg,334,168.5
1403292437,f02591.jpg,334,168.5
1403292437,f02592.jpg,334.2,168.4
1403292437,f02593.jpg,334,168.5
1403292437,f02594.jpg,333.8,168.1
1403292437,f02595.jpg,333.6,168.2
1403292437,f02596.jpg,333.6,168.2
1403292437,f02597.jpg,333.6,168.2
1403292437,f02598.jpg,333.7,168.4
1403292437,f02599.jpg,333.9,168.3
1403292437,f02600.jpg,333.6,168.2
1403292437,f02601.jpg,333.6,168.2
1403292437,f02602.jpg,333.5,168.5
1403292437,f02603.jpg,333.6,168.2
1403292437,f02604.jpg,333.4,168.3
1403292437,f02605.jpg,333.2,168.4
1403292437,f02606.jpg,333.4,168.3
1403292437,f02607.jpg,333.2,168.4
1403292437,f02608.jpg,333.2,168.4
1403292437,f02609.jpg,333,168.5
1403292437,f02610.jpg,333.2,168.4
1403292437,f02611.jpg,333.2,168.4
1403292437,f02612.jpg,333,168.5
1403292437,f02613.jpg,333,168.5
1403292437,f02614.jpg,332.8,168.6
1403292437,f02615.jpg,332.8,168.6
1403292437,f02616.jpg,332.8,168.6
1403292437,f02617.jpg,332.8,168.6
1403292437,f02618.jpg,332.8,168.6
1403292437,f02619.jpg,332.8,168.6
1403292437,f02620.jpg,332.8,168.6
1403292437,f02621.jpg,332.6,168.7
1403292437,f02622.jpg,332.4,168.8
1403292437,f02623.jpg,332.4,168.8
1403292437,f02624.jpg,332.6,168.7
1403292437,f02625.jpg,332.4,168.8
1403292437,f02626.jpg,332.4,168.8
1403292437,f02627.jpg,332.4,168.8
1403292437,f02628.jpg,332.4,168.8
1403292437,f02629.jpg,332.4,168.8
1403292437,f02630.jpg,332,169
1403292437,f02631.jpg,332,169
1403292437,f02632.jpg,332.2,168.9
1403292437,f02633.jpg,332,169
1403292437,f02634.jpg,332,169
1403292437,f02635.jpg,332,169
1403292438,f02636.jpg,331.8,169.1
1403292438,f02637.jpg,331.8,169.1
1403292438,f02638.jpg,331.8,169.1
1403292438,f02639.jpg,331.6,169.2
1403292438,f02640.jpg,331.6,169.2
1403292438,f02641.jpg,331.6,169.2
1403292438,f02642.jpg,331.6,169.2
1403292438,f02643.jpg,331.6,169.2
1403292438,f02644.jpg,331.4,169.3
1403292438,f02645.jpg,331.4,169.3
1403292438,f02646.jpg,331.4,169.3
